time,x,y,z,error_x,error_y,error_z
0.1,-100.0,70.0,1.5,-100.0,70.0,0.5
0.2,-100.0,70.0,1.5,-100.0,70.0,0.5
0.30000000000000004,-100.0,70.0,1.5,-100.0,70.0,0.5
0.4,-100.0,70.0,1.5,-100.0,70.0,0.5
0.5,-100.0,70.0,1.5,-100.0,70.0,0.5
0.6000000000000001,-100.0,70.0,1.5,-100.0,70.0,0.5
0.7000000000000001,-100.0,70.0,1.5,-100.0,70.0,0.5
0.8,-100.0,70.0,1.5,-100.0,70.0,0.5
0.9,-100.0,70.0,1.5,-100.0,70.0,0.5
1.0,-100.0,70.0,1.5,-100.0,70.0,0.5
1.1,-100.0,70.0,1.5,-100.0,70.0,0.5
1.2000000000000002,-100.0,70.0,1.5,-100.0,70.0,0.5
1.3,-100.0,70.0,1.5,-100.0,70.0,0.5
1.4000000000000001,-100.0,70.0,1.5,-100.0,70.0,0.5
1.5,-100.0,70.0,1.5,-100.0,70.0,0.5
1.6,-100.0,70.0,1.5,-100.0,70.0,0.5
1.7000000000000002,-100.0,70.0,1.5,-100.0,70.0,0.5
1.8,-100.0,70.0,1.5,-100.0,70.0,0.5
1.9000000000000001,-100.0,70.0,1.5,-100.0,70.0,0.5
2.0,-100.0,70.0,1.5,-100.0,70.0,0.5
2.1,-100.0,70.0,1.5,-100.0,70.0,0.5
2.2,-100.0,70.0,1.5,-100.0,70.0,0.5
2.3000000000000003,-100.0,70.0,1.5,-100.0,70.0,0.5
2.4000000000000004,-100.0,70.0,1.5,-100.0,70.0,0.5
2.5,-100.0,70.0,1.5,-100.0,70.0,0.5
2.6,-100.0,70.0,1.5,-100.0,70.0,0.5
2.7,-100.0,70.0,1.5,-100.0,70.0,0.5
2.8000000000000003,-100.0,70.0,1.5,-100.0,70.0,0.5
2.9000000000000004,-100.0,70.0,1.5,-100.0,70.0,0.5
3.0,-100.0,70.0,1.5,-100.0,70.0,0.5
3.1,-100.0,70.0,1.5,-100.0,70.0,0.5
3.2,-100.0,70.0,1.5,-100.0,70.0,0.5
3.3000000000000003,-100.0,70.0,1.5,-100.0,70.0,0.5
3.4000000000000004,-99.0,69.3,1.4952873563218392,-99.0,69.3,0.4952873563218392
3.5,-98.01,68.61,1.4905747126436784,-98.01,68.61,0.49057471264367836
3.6,-97.02000000000001,67.92999999999999,1.4858620689655175,-97.02000000000001,67.92999999999999,0.48586206896551754
3.7,-96.04,67.25999999999999,1.4814800464936073,-96.04,67.25999999999999,0.4814800464936073
3.8000000000000003,-95.07000000000001,66.58999999999999,1.477098024021697,-95.07000000000001,66.58999999999999,0.4770980240216971
3.9000000000000004,-94.11000000000001,65.92999999999999,1.4727160015497869,-94.11000000000001,65.92999999999999,0.4727160015497869
4.0,-93.16000000000001,65.27999999999999,1.4683339790778767,-93.16000000000001,65.27999999999999,0.46833397907787666
4.1000000000000005,-92.22000000000001,64.62999999999998,1.4639519566059664,-92.22000000000001,64.62999999999998,0.46395195660596644
4.2,-91.29,63.98999999999998,1.4595699341340562,-91.29,63.98999999999998,0.4595699341340562
4.3,-90.37,63.35999999999998,1.455187911662146,-90.37,63.35999999999998,0.455187911662146
4.4,-89.46000000000001,62.729999999999976,1.4508058891902358,-89.46000000000001,62.729999999999976,0.4508058891902358
4.5,-88.56,62.10999999999998,1.4467399551243016,-88.56,62.10999999999998,0.44673995512430165
4.6000000000000005,-87.67,61.48999999999998,1.4426740210583675,-87.67,61.48999999999998,0.4426740210583675
4.7,-86.79,60.87999999999998,1.4386080869924334,-86.79,60.87999999999998,0.43860808699243337
4.800000000000001,-85.92,60.27999999999998,1.4345421529264992,-85.92,60.27999999999998,0.4345421529264992
4.9,-85.06,59.67999999999998,1.430476218860565,-85.06,59.67999999999998,0.4304762188605651
5.0,-84.2,59.089999999999975,1.426410284794631,-84.2,59.089999999999975,0.42641028479463094
5.1000000000000005,-83.35000000000001,58.49999999999997,1.4223443507286968,-83.35000000000001,58.49999999999997,0.4223443507286968
5.2,-82.51,57.91999999999997,1.4182784166627627,-82.51,57.91999999999997,0.41827841666276266
5.300000000000001,-81.68,57.34999999999997,1.4145149758025477,-81.68,57.34999999999997,0.4145149758025477
5.4,-80.86000000000001,56.77999999999997,1.4107515349423327,-80.86000000000001,56.77999999999997,0.41075153494233274
5.5,-80.05000000000001,56.21999999999997,1.4069880940821178,-80.05000000000001,56.21999999999997,0.4069880940821178
5.6000000000000005,-79.24000000000001,55.65999999999997,1.4032246532219028,-79.24000000000001,55.65999999999997,0.4032246532219028
5.7,-78.44000000000001,55.10999999999997,1.3994612123616879,-78.44000000000001,55.10999999999997,0.39946121236168786
5.800000000000001,-77.65,54.559999999999974,1.395697771501473,-77.65,54.559999999999974,0.3956977715014729
5.9,-76.87,54.019999999999975,1.391934330641258,-76.87,54.019999999999975,0.39193433064125793
6.0,-76.10000000000001,53.479999999999976,1.388170889781043,-76.10000000000001,53.479999999999976,0.38817088978104297
6.1000000000000005,-75.33000000000001,52.949999999999974,1.3846972055705167,-75.33000000000001,52.949999999999974,0.3846972055705167
6.2,-74.57000000000001,52.42999999999997,1.3812235213599904,-74.57000000000001,52.42999999999997,0.3812235213599904
6.300000000000001,-73.82000000000001,51.90999999999997,1.377749837149464,-73.82000000000001,51.90999999999997,0.3777498371494641
6.4,-73.08000000000001,51.39999999999997,1.3742761529389378,-73.08000000000001,51.39999999999997,0.3742761529389378
6.5,-72.34000000000002,50.88999999999997,1.3708024687284115,-72.34000000000002,50.88999999999997,0.3708024687284115
6.6000000000000005,-71.61000000000001,50.38999999999997,1.3673287845178852,-71.61000000000001,50.38999999999997,0.3673287845178852
6.7,-70.89000000000001,49.88999999999997,1.363855100307359,-70.89000000000001,49.88999999999997,0.3638551003073589
6.800000000000001,-70.18000000000002,49.39999999999997,1.3603814160968326,-70.18000000000002,49.39999999999997,0.3603814160968326
6.9,-69.47000000000003,48.90999999999997,1.357185539808173,-69.47000000000003,48.90999999999997,0.3571855398081729
7.0,-68.77000000000002,48.42999999999997,1.3539896635195132,-68.77000000000002,48.42999999999997,0.3539896635195132
7.1000000000000005,-68.08000000000003,47.949999999999974,1.3507937872308535,-68.08000000000003,47.949999999999974,0.3507937872308535
7.2,-67.39000000000003,47.479999999999976,1.3475979109421938,-67.39000000000003,47.479999999999976,0.34759791094219383
7.300000000000001,-66.71000000000002,47.00999999999998,1.3444020346535341,-66.71000000000002,47.00999999999998,0.34440203465353414
7.4,-66.04000000000002,46.53999999999998,1.3412061583648744,-66.04000000000002,46.53999999999998,0.34120615836487445
7.5,-65.37000000000002,46.07999999999998,1.3380102820762148,-65.37000000000002,46.07999999999998,0.33801028207621475
7.6000000000000005,-64.71000000000002,45.619999999999976,1.334814405787555,-64.71000000000002,45.619999999999976,0.33481440578755506
7.7,-64.06000000000002,45.16999999999997,1.3316185294988954,-64.06000000000002,45.16999999999997,0.33161852949889536
7.800000000000001,-63.41000000000002,44.71999999999997,1.3286892365696024,-63.41000000000002,44.71999999999997,0.32868923656960236
7.9,-62.77000000000002,44.27999999999997,1.3257599436403094,-62.77000000000002,44.27999999999997,0.32575994364030936
8.0,-62.140000000000015,43.839999999999975,1.3228306507110164,-62.140000000000015,43.839999999999975,0.32283065071101635
8.1,-61.51000000000001,43.409999999999975,1.3199013577817234,-61.51000000000001,43.409999999999975,0.31990135778172335
8.200000000000001,-60.890000000000015,42.979999999999976,1.3169720648524303,-60.890000000000015,42.979999999999976,0.31697206485243035
8.3,-60.280000000000015,42.559999999999974,1.3140427719231373,-60.280000000000015,42.559999999999974,0.31404277192313734
8.4,-59.670000000000016,42.13999999999997,1.3111134789938443,-59.670000000000016,42.13999999999997,0.31111347899384434
8.5,-59.070000000000014,41.71999999999997,1.3081841860645513,-59.070000000000014,41.71999999999997,0.30818418606455134
8.6,-58.47000000000001,41.309999999999974,1.3052548931352583,-58.47000000000001,41.309999999999974,0.30525489313525833
8.700000000000001,-57.88000000000001,40.89999999999998,1.3025816258085257,-57.88000000000001,40.89999999999998,0.30258162580852566
8.8,-57.30000000000001,40.49999999999998,1.299908358481793,-57.30000000000001,40.49999999999998,0.299908358481793
8.9,-56.72000000000001,40.09999999999998,1.2972350911550603,-56.72000000000001,40.09999999999998,0.2972350911550603
9.0,-56.15000000000001,39.69999999999998,1.2945618238283276,-56.15000000000001,39.69999999999998,0.29456182382832763
9.1,-55.58000000000001,39.30999999999998,1.291888556501595,-55.58000000000001,39.30999999999998,0.29188855650159495
9.200000000000001,-55.02000000000001,38.91999999999998,1.2892152891748623,-55.02000000000001,38.91999999999998,0.2892152891748623
9.3,-54.46000000000001,38.53999999999998,1.2865420218481296,-54.46000000000001,38.53999999999998,0.2865420218481296
9.4,-53.91000000000001,38.159999999999975,1.283868754521397,-53.91000000000001,38.159999999999975,0.2838687545213969
9.5,-53.37000000000001,37.77999999999997,1.2811954871946643,-53.37000000000001,37.77999999999997,0.28119548719466425
9.600000000000001,-52.83000000000001,37.409999999999975,1.2785222198679316,-52.83000000000001,37.409999999999975,0.2785222198679316
9.700000000000001,-52.30000000000001,37.03999999999998,1.2760950354019123,-52.30000000000001,37.03999999999998,0.27609503540191227
9.8,-51.77000000000001,36.66999999999998,1.273667850935893,-51.77000000000001,36.66999999999998,0.27366785093589296
9.9,-51.25000000000001,36.30999999999998,1.2712406664698737,-51.25000000000001,36.30999999999998,0.27124066646987366
10.0,-50.730000000000004,35.94999999999998,1.2688134820038544,-50.730000000000004,35.94999999999998,0.26881348200385435
10.100000000000001,-50.220000000000006,35.59999999999998,1.266386297537835,-50.220000000000006,35.59999999999998,0.26638629753783505
10.200000000000001,-49.71000000000001,35.24999999999998,1.2639591130718157,-49.71000000000001,35.24999999999998,0.26395911307181574
10.3,-49.21000000000001,34.89999999999998,1.2615319286057964,-49.21000000000001,34.89999999999998,0.26153192860579644
10.4,-48.71000000000001,34.559999999999974,1.2591047441397771,-48.71000000000001,34.559999999999974,0.25910474413977713
10.5,-48.220000000000006,34.21999999999997,1.2566775596737578,-48.220000000000006,34.21999999999997,0.2566775596737578
10.600000000000001,-47.730000000000004,33.87999999999997,1.2542503752077385,-47.730000000000004,33.87999999999997,0.2542503752077385
10.700000000000001,-47.25000000000001,33.54999999999997,1.2520598990172622,-47.25000000000001,33.54999999999997,0.2520598990172622
10.8,-46.77000000000001,33.21999999999997,1.249869422826786,-46.77000000000001,33.21999999999997,0.24986942282678593
10.9,-46.30000000000001,32.88999999999997,1.2476789466363096,-46.30000000000001,32.88999999999997,0.24767894663630963
11.0,-45.83000000000001,32.56999999999997,1.2454884704458333,-45.83000000000001,32.56999999999997,0.24548847044583333
11.100000000000001,-45.37000000000001,32.24999999999997,1.243297994255357,-45.37000000000001,32.24999999999997,0.24329799425535703
11.200000000000001,-44.91000000000001,31.92999999999997,1.2411075180648807,-44.91000000000001,31.92999999999997,0.24110751806488073
11.3,-44.46000000000001,31.619999999999973,1.2389170418744044,-44.46000000000001,31.619999999999973,0.23891704187440443
11.4,-44.010000000000005,31.309999999999974,1.2367265656839281,-44.010000000000005,31.309999999999974,0.23672656568392814
11.5,-43.56,30.999999999999975,1.2345360894934518,-43.56,30.999999999999975,0.23453608949345184
11.600000000000001,-43.120000000000005,30.689999999999976,1.2323456133029755,-43.120000000000005,30.689999999999976,0.23234561330297554
11.700000000000001,-42.68000000000001,30.389999999999976,1.2301551371124992,-42.68000000000001,30.389999999999976,0.23015513711249924
11.8,-42.25000000000001,30.089999999999975,1.2281925202900694,-42.25000000000001,30.089999999999975,0.22819252029006942
11.9,-41.82000000000001,29.789999999999974,1.2262299034676396,-41.82000000000001,29.789999999999974,0.2262299034676396
12.0,-41.400000000000006,29.499999999999975,1.2242672866452098,-41.400000000000006,29.499999999999975,0.22426728664520978
12.100000000000001,-40.980000000000004,29.209999999999976,1.22230466982278,-40.980000000000004,29.209999999999976,0.22230466982277997
12.200000000000001,-40.57000000000001,28.919999999999977,1.2203420530003501,-40.57000000000001,28.919999999999977,0.22034205300035015
12.3,-40.16000000000001,28.639999999999976,1.2183794361779203,-40.16000000000001,28.639999999999976,0.21837943617792033
12.4,-39.750000000000014,28.359999999999975,1.2164168193554905,-39.750000000000014,28.359999999999975,0.2164168193554905
12.5,-39.350000000000016,28.079999999999973,1.2144542025330607,-39.350000000000016,28.079999999999973,0.2144542025330607
12.600000000000001,-38.95000000000002,27.799999999999972,1.2124915857106309,-38.95000000000002,27.799999999999972,0.21249158571063087
12.700000000000001,-38.56000000000002,27.529999999999973,1.210528968888201,-38.56000000000002,27.529999999999973,0.21052896888820105
12.8,-38.170000000000016,27.259999999999973,1.2085663520657712,-38.170000000000016,27.259999999999973,0.20856635206577123
12.9,-37.780000000000015,26.989999999999974,1.2066037352433414,-37.780000000000015,26.989999999999974,0.2066037352433414
13.0,-37.40000000000001,26.729999999999972,1.2048606159772863,-37.40000000000001,26.729999999999972,0.20486061597728633
13.100000000000001,-37.02000000000001,26.46999999999997,1.2031174967112312,-37.02000000000001,26.46999999999997,0.20311749671123125
13.200000000000001,-36.64000000000001,26.20999999999997,1.2013743774451762,-36.64000000000001,26.20999999999997,0.20137437744517617
13.3,-36.27000000000001,25.949999999999967,1.199631258179121,-36.27000000000001,25.949999999999967,0.19963125817912108
13.4,-35.90000000000001,25.699999999999967,1.197888138913066,-35.90000000000001,25.699999999999967,0.197888138913066
13.5,-35.54000000000001,25.449999999999967,1.196145019647011,-35.54000000000001,25.449999999999967,0.19614501964701092
13.600000000000001,-35.180000000000014,25.199999999999967,1.1944019003809558,-35.180000000000014,25.199999999999967,0.19440190038095584
13.700000000000001,-34.820000000000014,24.949999999999967,1.1926587811149008,-34.820000000000014,24.949999999999967,0.19265878111490076
13.8,-34.47000000000001,24.70999999999997,1.1909156618488457,-34.47000000000001,24.70999999999997,0.19091566184884567
13.9,-34.12000000000001,24.46999999999997,1.1891725425827906,-34.12000000000001,24.46999999999997,0.1891725425827906
14.0,-33.77000000000001,24.229999999999972,1.1874294233167355,-33.77000000000001,24.229999999999972,0.1874294233167355
14.100000000000001,-33.43000000000001,23.989999999999974,1.1856863040506804,-33.43000000000001,23.989999999999974,0.18568630405068043
14.200000000000001,-33.09,23.759999999999973,1.1839431847846253,-33.09,23.759999999999973,0.18394318478462535
14.3,-32.75,23.529999999999973,1.1824116532530937,-32.75,23.529999999999973,0.18241165325309372
14.4,-32.42,23.299999999999972,1.180880121721562,-32.42,23.299999999999972,0.1808801217215621
14.5,-32.09,23.069999999999972,1.1793485901900305,-32.09,23.069999999999972,0.17934859019003047
14.600000000000001,-31.760000000000005,22.83999999999997,1.1778170586584988,-31.760000000000005,22.83999999999997,0.17781705865849884
14.700000000000001,-31.440000000000005,22.619999999999973,1.1762855271269672,-31.440000000000005,22.619999999999973,0.1762855271269672
14.8,-31.120000000000005,22.399999999999974,1.1747539955954356,-31.120000000000005,22.399999999999974,0.17475399559543559
14.9,-30.800000000000004,22.179999999999975,1.173222464063904,-30.800000000000004,22.179999999999975,0.17322246406390396
15.0,-30.490000000000006,21.959999999999976,1.1716909325323723,-30.490000000000006,21.959999999999976,0.17169093253237233
15.100000000000001,-30.180000000000007,21.749999999999975,1.1701594010008407,-30.180000000000007,21.749999999999975,0.1701594010008407
15.200000000000001,-29.870000000000008,21.539999999999974,1.168627869469309,-29.870000000000008,21.539999999999974,0.16862786946930908
15.3,-29.570000000000007,21.329999999999973,1.1670963379377775,-29.570000000000007,21.329999999999973,0.16709633793777745
15.4,-29.270000000000007,21.119999999999973,1.1655648064062458,-29.270000000000007,21.119999999999973,0.16556480640624582
15.5,-28.970000000000006,20.90999999999997,1.1640332748747142,-28.970000000000006,20.90999999999997,0.1640332748747142
15.600000000000001,-28.680000000000007,20.709999999999972,1.1625017433431826,-28.680000000000007,20.709999999999972,0.16250174334318257
15.700000000000001,-28.390000000000008,20.509999999999973,1.161174309714864,-28.390000000000008,20.509999999999973,0.1611743097148639
15.8,-28.10000000000001,20.309999999999974,1.1598468760865452,-28.10000000000001,20.309999999999974,0.15984687608654524
15.9,-27.81000000000001,20.109999999999975,1.1585194424582266,-27.81000000000001,20.109999999999975,0.15851944245822658
16.0,-27.53000000000001,19.909999999999975,1.157192008829908,-27.53000000000001,19.909999999999975,0.15719200882990791
16.1,-27.250000000000007,19.719999999999974,1.1558645752015893,-27.250000000000007,19.719999999999974,0.15586457520158925
16.2,-26.970000000000006,19.529999999999973,1.1545371415732706,-26.970000000000006,19.529999999999973,0.1545371415732706
16.3,-26.700000000000006,19.33999999999997,1.153209707944952,-26.700000000000006,19.33999999999997,0.15320970794495192
16.400000000000002,-26.430000000000007,19.14999999999997,1.1518822743166333,-26.430000000000007,19.14999999999997,0.15188227431663326
16.5,-26.160000000000007,18.95999999999997,1.1505548406883146,-26.160000000000007,18.95999999999997,0.1505548406883146
16.6,-25.890000000000008,18.77999999999997,1.149227407059996,-25.890000000000008,18.77999999999997,0.14922740705999593
16.7,-25.630000000000006,18.59999999999997,1.1478999734316773,-25.630000000000006,18.59999999999997,0.14789997343167727
16.8,-25.370000000000005,18.41999999999997,1.1465725398033586,-25.370000000000005,18.41999999999997,0.1465725398033586
16.900000000000002,-25.110000000000003,18.23999999999997,1.14524510617504,-25.110000000000003,18.23999999999997,0.14524510617503994
17.0,-24.85,18.05999999999997,1.1439176725467213,-24.85,18.05999999999997,0.14391767254672128
17.1,-24.6,17.87999999999997,1.1425902389184026,-24.6,17.87999999999997,0.1425902389184026
17.2,-24.35,17.70999999999997,1.141459804135794,-24.35,17.70999999999997,0.14145980413579395
17.3,-24.1,17.539999999999967,1.1403293693531853,-24.1,17.539999999999967,0.1403293693531853
17.400000000000002,-23.85,17.369999999999965,1.1391989345705766,-23.85,17.369999999999965,0.13919893457057664
17.5,-23.610000000000003,17.199999999999964,1.138068499787968,-23.610000000000003,17.199999999999964,0.13806849978796798
17.6,-23.370000000000005,17.029999999999962,1.1369380650053593,-23.370000000000005,17.029999999999962,0.13693806500535932
17.7,-23.130000000000006,16.85999999999996,1.1358076302227507,-23.130000000000006,16.85999999999996,0.13580763022275066
17.8,-22.890000000000008,16.69999999999996,1.134677195440142,-22.890000000000008,16.69999999999996,0.134677195440142
17.900000000000002,-22.660000000000007,16.53999999999996,1.1335467606575333,-22.660000000000007,16.53999999999996,0.13354676065753335
18.0,-22.430000000000007,16.37999999999996,1.1324163258749247,-22.430000000000007,16.37999999999996,0.1324163258749247
18.1,-22.200000000000006,16.21999999999996,1.131285891092316,-22.200000000000006,16.21999999999996,0.13128589109231603
18.2,-21.970000000000006,16.05999999999996,1.1301554563097074,-21.970000000000006,16.05999999999996,0.13015545630970737
18.3,-21.750000000000007,15.89999999999996,1.1290250215270987,-21.750000000000007,15.89999999999996,0.12902502152709872
18.400000000000002,-21.53000000000001,15.74999999999996,1.12789458674449,-21.53000000000001,15.74999999999996,0.12789458674449006
18.5,-21.31000000000001,15.599999999999959,1.1267641519618814,-21.31000000000001,15.599999999999959,0.1267641519618814
18.6,-21.09000000000001,15.449999999999958,1.1256337171792727,-21.09000000000001,15.449999999999958,0.12563371717927274
18.7,-20.87000000000001,15.299999999999958,1.124503282396664,-20.87000000000001,15.299999999999958,0.12450328239666408
18.8,-20.66000000000001,15.149999999999958,1.1233728476140554,-20.66000000000001,15.149999999999958,0.12337284761405543
18.900000000000002,-20.45000000000001,14.999999999999957,1.1222424128314468,-20.45000000000001,14.999999999999957,0.12224241283144677
19.0,-20.24000000000001,14.859999999999957,1.121302241891276,-20.24000000000001,14.859999999999957,0.12130224189127592
19.1,-20.03000000000001,14.719999999999956,1.120362070951105,-20.03000000000001,14.719999999999956,0.12036207095110507
19.200000000000003,-19.820000000000007,14.579999999999956,1.1194219000109342,-19.820000000000007,14.579999999999956,0.11942190001093422
19.3,-19.620000000000008,14.439999999999955,1.1184817290707634,-19.620000000000008,14.439999999999955,0.11848172907076338
19.400000000000002,-19.42000000000001,14.299999999999955,1.1175415581305925,-19.42000000000001,14.299999999999955,0.11754155813059253
19.5,-19.22000000000001,14.159999999999954,1.1166013871904217,-19.22000000000001,14.159999999999954,0.11660138719042168
19.6,-19.02000000000001,14.019999999999953,1.1156612162502508,-19.02000000000001,14.019999999999953,0.11566121625025083
19.700000000000003,-18.82000000000001,13.879999999999953,1.11472104531008,-18.82000000000001,13.879999999999953,0.11472104531007998
19.8,-18.63000000000001,13.749999999999952,1.1137808743699091,-18.63000000000001,13.749999999999952,0.11378087436990914
19.900000000000002,-18.44000000000001,13.619999999999951,1.1128407034297383,-18.44000000000001,13.619999999999951,0.11284070342973829
20.0,-18.250000000000007,13.48999999999995,1.1119005324895674,-18.250000000000007,13.48999999999995,0.11190053248956744
20.1,-18.060000000000006,13.35999999999995,1.1109603615493966,-18.060000000000006,13.35999999999995,0.11096036154939659
20.200000000000003,-17.870000000000005,13.229999999999949,1.1100201906092257,-17.870000000000005,13.229999999999949,0.11002019060922574
20.3,-17.690000000000005,13.099999999999948,1.109080019669055,-17.690000000000005,13.099999999999948,0.1090800196690549
20.400000000000002,-17.510000000000005,12.969999999999947,1.108139848728884,-17.510000000000005,12.969999999999947,0.10813984872888405
20.5,-17.330000000000005,12.849999999999948,1.1071996777887132,-17.330000000000005,12.849999999999948,0.1071996777887132
20.6,-17.150000000000006,12.729999999999949,1.1062595068485424,-17.150000000000006,12.729999999999949,0.10625950684854235
20.700000000000003,-16.970000000000006,12.60999999999995,1.1053193359083715,-16.970000000000006,12.60999999999995,0.1053193359083715
20.8,-16.800000000000004,12.48999999999995,1.1043791649682007,-16.800000000000004,12.48999999999995,0.10437916496820066
20.900000000000002,-16.630000000000003,12.369999999999951,1.1034389940280298,-16.630000000000003,12.369999999999951,0.10343899402802981
21.0,-16.46,12.249999999999952,1.1026826915070214,-16.46,12.249999999999952,0.10268269150702136
21.1,-16.29,12.129999999999953,1.101926388986013,-16.29,12.129999999999953,0.10192638898601292
21.200000000000003,-16.119999999999997,12.009999999999954,1.1011700864650045,-16.119999999999997,12.009999999999954,0.10117008646500447
21.3,-15.949999999999998,11.889999999999954,1.100413783943996,-15.949999999999998,11.889999999999954,0.10041378394399603
21.400000000000002,-15.789999999999997,11.779999999999955,1.0996574814229876,-15.789999999999997,11.779999999999955,0.09965748142298758
21.5,-15.629999999999997,11.669999999999956,1.0989011789019791,-15.629999999999997,11.669999999999956,0.09890117890197914
21.6,-15.469999999999997,11.559999999999956,1.0981448763809707,-15.469999999999997,11.559999999999956,0.09814487638097069
21.700000000000003,-15.309999999999997,11.449999999999957,1.0973885738599622,-15.309999999999997,11.449999999999957,0.09738857385996225
21.8,-15.149999999999997,11.339999999999957,1.0966322713389538,-15.149999999999997,11.339999999999957,0.0966322713389538
21.900000000000002,-14.989999999999997,11.229999999999958,1.0958759688179454,-14.989999999999997,11.229999999999958,0.09587596881794536
22.0,-14.839999999999996,11.119999999999958,1.095119666296937,-14.839999999999996,11.119999999999958,0.09511966629693691
22.1,-14.689999999999996,11.009999999999959,1.0943633637759285,-14.689999999999996,11.009999999999959,0.09436336377592847
22.200000000000003,-14.539999999999996,10.89999999999996,1.09360706125492,-14.539999999999996,10.89999999999996,0.09360706125492002
22.3,-14.389999999999995,10.79999999999996,1.0928507587339116,-14.389999999999995,10.79999999999996,0.09285075873391158
22.400000000000002,-14.239999999999995,10.69999999999996,1.0920944562129031,-14.239999999999995,10.69999999999996,0.09209445621290313
22.5,-14.089999999999995,10.59999999999996,1.0913381536918947,-14.089999999999995,10.59999999999996,0.09133815369189469
22.6,-13.939999999999994,10.499999999999961,1.0905818511708862,-13.939999999999994,10.499999999999961,0.09058185117088624
22.700000000000003,-13.799999999999994,10.399999999999961,1.0898255486498778,-13.799999999999994,10.399999999999961,0.0898255486498778
22.8,-13.659999999999993,10.299999999999962,1.0890692461288694,-13.659999999999993,10.299999999999962,0.08906924612886935
22.900000000000002,-13.519999999999992,10.199999999999962,1.088312943607861,-13.519999999999992,10.199999999999962,0.0883129436078609
23.0,-13.379999999999992,10.099999999999962,1.0875566410868525,-13.379999999999992,10.099999999999962,0.08755664108685246
23.1,-13.239999999999991,9.999999999999963,1.086800338565844,-13.239999999999991,9.999999999999963,0.08680033856584402
23.200000000000003,-13.09999999999999,9.909999999999963,1.0860440360448356,-13.09999999999999,9.909999999999963,0.08604403604483557
23.3,-12.95999999999999,9.819999999999963,1.0852877335238271,-12.95999999999999,9.819999999999963,0.08528773352382713
23.400000000000002,-12.82999999999999,9.729999999999963,1.0845314310028187,-12.82999999999999,9.729999999999963,0.08453143100281868
23.5,-12.699999999999989,9.639999999999963,1.0839529186061245,-12.699999999999989,9.639999999999963,0.08395291860612453
23.6,-12.569999999999988,9.549999999999963,1.0833744062094304,-12.569999999999988,9.549999999999963,0.08337440620943037
23.700000000000003,-12.439999999999987,9.459999999999964,1.0827958938127362,-12.439999999999987,9.459999999999964,0.08279589381273622
23.8,-12.309999999999986,9.369999999999964,1.082217381416042,-12.309999999999986,9.369999999999964,0.08221738141604207
23.900000000000002,-12.179999999999986,9.279999999999964,1.081638869019348,-12.179999999999986,9.279999999999964,0.08163886901934791
24.0,-12.049999999999985,9.189999999999964,1.0810603566226538,-12.049999999999985,9.189999999999964,0.08106035662265376
24.1,-11.919999999999984,9.099999999999964,1.0804818442259596,-11.919999999999984,9.099999999999964,0.08048184422595961
24.200000000000003,-11.799999999999985,9.009999999999964,1.0799033318292655,-11.799999999999985,9.009999999999964,0.07990333182926546
24.3,-11.679999999999986,8.919999999999964,1.0793248194325713,-11.679999999999986,8.919999999999964,0.0793248194325713
24.400000000000002,-11.559999999999986,8.839999999999964,1.0787463070358771,-11.559999999999986,8.839999999999964,0.07874630703587715
24.5,-11.439999999999987,8.759999999999964,1.078167794639183,-11.439999999999987,8.759999999999964,0.078167794639183
24.6,-11.319999999999988,8.679999999999964,1.0775892822424888,-11.319999999999988,8.679999999999964,0.07758928224248884
24.700000000000003,-11.199999999999989,8.599999999999964,1.0770107698457947,-11.199999999999989,8.599999999999964,0.07701076984579469
24.8,-11.07999999999999,8.519999999999964,1.0764322574491005,-11.07999999999999,8.519999999999964,0.07643225744910054
24.900000000000002,-10.95999999999999,8.439999999999964,1.0758537450524064,-10.95999999999999,8.439999999999964,0.07585374505240638
25.0,-10.84999999999999,8.359999999999964,1.0752752326557122,-10.84999999999999,8.359999999999964,0.07527523265571223
25.1,-10.739999999999991,8.279999999999964,1.074696720259018,-10.739999999999991,8.279999999999964,0.07469672025901808
25.200000000000003,-10.629999999999992,8.199999999999964,1.074118207862324,-10.629999999999992,8.199999999999964,0.07411820786232393
25.3,-10.519999999999992,8.119999999999964,1.0735396954656298,-10.519999999999992,8.119999999999964,0.07353969546562977
25.400000000000002,-10.409999999999993,8.039999999999964,1.0729611830689356,-10.409999999999993,8.039999999999964,0.07296118306893562
25.5,-10.299999999999994,7.9599999999999635,1.0723826706722415,-10.299999999999994,7.9599999999999635,0.07238267067224147
25.6,-10.189999999999994,7.889999999999963,1.0718041582755473,-10.189999999999994,7.889999999999963,0.07180415827554731
25.700000000000003,-10.079999999999995,7.819999999999963,1.0712256458788532,-10.079999999999995,7.819999999999963,0.07122564587885316
25.8,-9.969999999999995,7.749999999999963,1.070647133482159,-9.969999999999995,7.749999999999963,0.07064713348215901
25.900000000000002,-9.869999999999996,7.679999999999962,1.0700686210854649,-9.869999999999996,7.679999999999962,0.07006862108546486
26.0,-9.769999999999996,7.609999999999962,1.0694901086887707,-9.769999999999996,7.609999999999962,0.0694901086887707
26.1,-9.669999999999996,7.539999999999962,1.0689115962920765,-9.669999999999996,7.539999999999962,0.06891159629207655
26.200000000000003,-9.569999999999997,7.469999999999962,1.0683330838953824,-9.569999999999997,7.469999999999962,0.0683330838953824
26.3,-9.469999999999997,7.399999999999961,1.0677545714986882,-9.469999999999997,7.399999999999961,0.06775457149868824
26.400000000000002,-9.369999999999997,7.329999999999961,1.067176059101994,-9.369999999999997,7.329999999999961,0.06717605910199409
26.5,-9.269999999999998,7.259999999999961,1.0665975467053,-9.269999999999998,7.259999999999961,0.06659754670529994
26.6,-9.169999999999998,7.18999999999996,1.0661910426402592,-9.169999999999998,7.18999999999996,0.06619104264025921
26.700000000000003,-9.069999999999999,7.11999999999996,1.0657845385752185,-9.069999999999999,7.11999999999996,0.06578453857521849
26.8,-8.969999999999999,7.04999999999996,1.0653780345101778,-8.969999999999999,7.04999999999996,0.06537803451017776
26.900000000000002,-8.879999999999999,6.97999999999996,1.064971530445137,-8.879999999999999,6.97999999999996,0.06497153044513704
27.0,-8.79,6.91999999999996,1.0645650263800963,-8.79,6.91999999999996,0.06456502638009631
27.1,-8.7,6.85999999999996,1.0641585223150556,-8.7,6.85999999999996,0.06415852231505559
27.200000000000003,-8.61,6.799999999999961,1.0637520182500149,-8.61,6.799999999999961,0.06375201825001486
27.3,-8.52,6.739999999999961,1.0633455141849741,-8.52,6.739999999999961,0.06334551418497414
27.400000000000002,-8.43,6.6799999999999615,1.0629390101199334,-8.43,6.6799999999999615,0.06293901011993341
27.5,-8.34,6.619999999999962,1.0625325060548927,-8.34,6.619999999999962,0.06253250605489269
27.6,-8.25,6.559999999999962,1.062126001989852,-8.25,6.559999999999962,0.062126001989851964
27.700000000000003,-8.16,6.499999999999963,1.0617194979248112,-8.16,6.499999999999963,0.06171949792481124
27.8,-8.07,6.439999999999963,1.0613129938597705,-8.07,6.439999999999963,0.061312993859770515
27.900000000000002,-7.98,6.3799999999999635,1.0609064897947298,-7.98,6.3799999999999635,0.06090648979472979
28.0,-7.9,6.319999999999964,1.060499985729689,-7.9,6.319999999999964,0.060499985729689065
28.1,-7.82,6.259999999999964,1.0600934816646483,-7.82,6.259999999999964,0.06009348166464834
28.200000000000003,-7.74,6.199999999999965,1.0596869775996076,-7.74,6.199999999999965,0.059686977599607616
28.3,-7.66,6.139999999999965,1.059280473534567,-7.66,6.139999999999965,0.05928047353456689
28.400000000000002,-7.58,6.079999999999965,1.0588739694695262,-7.58,6.079999999999965,0.058873969469526166
28.5,-7.5,6.019999999999966,1.0584674654044854,-7.5,6.019999999999966,0.05846746540448544
28.6,-7.42,5.959999999999966,1.0580609613394447,-7.42,5.959999999999966,0.05806096133944472
28.700000000000003,-7.34,5.909999999999966,1.057654457274404,-7.34,5.909999999999966,0.05765445727440399
28.8,-7.26,5.859999999999967,1.0572479532093633,-7.26,5.859999999999967,0.05724795320936327
28.900000000000002,-7.18,5.809999999999967,1.0568414491443225,-7.18,5.809999999999967,0.05684144914432254
29.0,-7.1,5.759999999999967,1.0564349450792818,-7.1,5.759999999999967,0.05643494507928182
29.1,-7.02,5.709999999999967,1.056028441014241,-7.02,5.709999999999967,0.05602844101424109
29.200000000000003,-6.9399999999999995,5.659999999999967,1.0556219369492004,-6.9399999999999995,5.659999999999967,0.05562193694920037
29.3,-6.869999999999999,5.6099999999999675,1.0552154328841596,-6.869999999999999,5.6099999999999675,0.05521543288415964
29.400000000000002,-6.799999999999999,5.559999999999968,1.054808928819119,-6.799999999999999,5.559999999999968,0.05480892881911892
29.5,-6.729999999999999,5.509999999999968,1.0544024247540782,-6.729999999999999,5.509999999999968,0.054402424754078194
29.6,-6.659999999999998,5.459999999999968,1.0539959206890375,-6.659999999999998,5.459999999999968,0.05399592068903747
29.700000000000003,-6.589999999999998,5.409999999999968,1.0535894166239967,-6.589999999999998,5.409999999999968,0.053589416623996744
29.8,-6.519999999999998,5.359999999999968,1.053182912558956,-6.519999999999998,5.359999999999968,0.05318291255895602
29.900000000000002,-6.4499999999999975,5.3099999999999685,1.0527764084939153,-6.4499999999999975,5.3099999999999685,0.052776408493915294
30.0,-6.379999999999997,5.259999999999969,1.0523699044288746,-6.379999999999997,5.259999999999969,0.05236990442887457
30.1,-6.309999999999997,5.209999999999969,1.0519634003638338,-6.309999999999997,5.209999999999969,0.051963400363833845
30.200000000000003,-6.239999999999997,5.159999999999969,1.0515568962987931,-6.239999999999997,5.159999999999969,0.05155689629879312
30.3,-6.169999999999996,5.109999999999969,1.0511503922337524,-6.169999999999996,5.109999999999969,0.051150392233752395
30.400000000000002,-6.099999999999996,5.059999999999969,1.0507438881687117,-6.099999999999996,5.059999999999969,0.05074388816871167
30.5,-6.029999999999996,5.00999999999997,1.050337384103671,-6.029999999999996,5.00999999999997,0.050337384103670946
30.6,-5.9599999999999955,4.95999999999997,1.0499308800386302,-5.9599999999999955,4.95999999999997,0.04993088003863022
30.700000000000003,-5.899999999999996,4.91999999999997,1.0495243759735895,-5.899999999999996,4.91999999999997,0.049524375973589496
30.8,-5.839999999999996,4.87999999999997,1.0491178719085488,-5.839999999999996,4.87999999999997,0.04911787190854877
30.900000000000002,-5.779999999999997,4.83999999999997,1.0488778719085488,-5.779999999999997,4.83999999999997,0.04887787190854875
31.0,-5.719999999999997,4.79999999999997,1.0486378719085487,-5.719999999999997,4.79999999999997,0.048637871908548735
31.1,-5.6599999999999975,4.75999999999997,1.0483978719085487,-5.6599999999999975,4.75999999999997,0.04839787190854872
31.200000000000003,-5.599999999999998,4.7199999999999696,1.0481578719085487,-5.599999999999998,4.7199999999999696,0.0481578719085487
31.3,-5.539999999999998,4.6799999999999695,1.0479178719085487,-5.539999999999998,4.6799999999999695,0.04791787190854868
31.400000000000002,-5.479999999999999,4.6399999999999695,1.0476778719085487,-5.479999999999999,4.6399999999999695,0.047677871908548664
31.5,-5.419999999999999,4.5999999999999694,1.0474378719085486,-5.419999999999999,4.5999999999999694,0.047437871908548646
31.6,-5.359999999999999,4.559999999999969,1.0471978719085486,-5.359999999999999,4.559999999999969,0.04719787190854863
31.700000000000003,-5.3,4.519999999999969,1.0469578719085486,-5.3,4.519999999999969,0.04695787190854861
31.8,-5.24,4.479999999999969,1.0467178719085486,-5.24,4.479999999999969,0.04671787190854859
31.900000000000002,-5.180000000000001,4.439999999999969,1.0464778719085486,-5.180000000000001,4.439999999999969,0.046477871908548574
32.0,-5.120000000000001,4.399999999999969,1.0462378719085486,-5.120000000000001,4.399999999999969,0.046237871908548556
32.1,-5.060000000000001,4.359999999999969,1.0459978719085485,-5.060000000000001,4.359999999999969,0.04599787190854854
32.2,-5.000000000000002,4.319999999999969,1.0457578719085485,-5.000000000000002,4.319999999999969,0.04575787190854852
32.300000000000004,-4.950000000000002,4.279999999999969,1.0455178719085485,-4.950000000000002,4.279999999999969,0.0455178719085485
32.4,-4.900000000000002,4.239999999999969,1.0452778719085485,-4.900000000000002,4.239999999999969,0.045277871908548484
32.5,-4.850000000000002,4.199999999999969,1.0450378719085485,-4.850000000000002,4.199999999999969,0.045037871908548466
32.6,-4.8000000000000025,4.159999999999969,1.0447978719085484,-4.8000000000000025,4.159999999999969,0.04479787190854845
32.7,-4.750000000000003,4.119999999999969,1.0445578719085484,-4.750000000000003,4.119999999999969,0.04455787190854843
32.800000000000004,-4.700000000000003,4.079999999999969,1.0443178719085484,-4.700000000000003,4.079999999999969,0.04431787190854841
32.9,-4.650000000000003,4.039999999999969,1.0440778719085484,-4.650000000000003,4.039999999999969,0.044077871908548394
33.0,-4.600000000000003,3.999999999999969,1.0438378719085484,-4.600000000000003,3.999999999999969,0.043837871908548376
33.1,-4.550000000000003,3.969999999999969,1.0435978719085484,-4.550000000000003,3.969999999999969,0.04359787190854836
33.2,-4.5000000000000036,3.9399999999999693,1.0433578719085483,-4.5000000000000036,3.9399999999999693,0.04335787190854834
33.300000000000004,-4.450000000000004,3.9099999999999695,1.0431178719085483,-4.450000000000004,3.9099999999999695,0.04311787190854832
33.4,-4.400000000000004,3.8799999999999697,1.0428778719085483,-4.400000000000004,3.8799999999999697,0.042877871908548304
33.5,-4.350000000000004,3.84999999999997,1.0426378719085483,-4.350000000000004,3.84999999999997,0.042637871908548286
33.6,-4.300000000000004,3.81999999999997,1.0423978719085483,-4.300000000000004,3.81999999999997,0.04239787190854827
33.7,-4.250000000000004,3.7899999999999703,1.0421578719085483,-4.250000000000004,3.7899999999999703,0.04215787190854825
33.800000000000004,-4.200000000000005,3.7599999999999705,1.0419178719085482,-4.200000000000005,3.7599999999999705,0.04191787190854823
33.9,-4.150000000000005,3.7299999999999707,1.0416778719085482,-4.150000000000005,3.7299999999999707,0.041677871908548214
34.0,-4.100000000000005,3.699999999999971,1.0414378719085482,-4.100000000000005,3.699999999999971,0.041437871908548196
34.1,-4.050000000000005,3.669999999999971,1.0411978719085482,-4.050000000000005,3.669999999999971,0.04119787190854818
34.2,-4.000000000000005,3.6399999999999713,1.0409578719085482,-4.000000000000005,3.6399999999999713,0.04095787190854816
34.300000000000004,-3.9500000000000055,3.6099999999999715,1.0407178719085481,-3.9500000000000055,3.6099999999999715,0.04071787190854814
34.4,-3.9000000000000057,3.5799999999999716,1.0404778719085481,-3.9000000000000057,3.5799999999999716,0.040477871908548124
34.5,-3.850000000000006,3.549999999999972,1.040237871908548,-3.850000000000006,3.549999999999972,0.040237871908548106
34.6,-3.800000000000006,3.519999999999972,1.039997871908548,-3.800000000000006,3.519999999999972,0.03999787190854809
34.7,-3.750000000000006,3.4899999999999722,1.039757871908548,-3.750000000000006,3.4899999999999722,0.03975787190854807
34.800000000000004,-3.7000000000000064,3.4599999999999724,1.039517871908548,-3.7000000000000064,3.4599999999999724,0.03951787190854805
34.9,-3.6500000000000066,3.4299999999999726,1.039277871908548,-3.6500000000000066,3.4299999999999726,0.039277871908548034
35.0,-3.6000000000000068,3.399999999999973,1.039037871908548,-3.6000000000000068,3.399999999999973,0.039037871908548016
35.1,-3.550000000000007,3.369999999999973,1.038797871908548,-3.550000000000007,3.369999999999973,0.038797871908548
35.2,-3.500000000000007,3.339999999999973,1.038557871908548,-3.500000000000007,3.339999999999973,0.03855787190854798
35.300000000000004,-3.4500000000000073,3.3099999999999734,1.038317871908548,-3.4500000000000073,3.3099999999999734,0.03831787190854796
35.4,-3.4000000000000075,3.2799999999999736,1.038077871908548,-3.4000000000000075,3.2799999999999736,0.038077871908547944
35.5,-3.3500000000000076,3.249999999999974,1.037837871908548,-3.3500000000000076,3.249999999999974,0.037837871908547926
35.6,-3.300000000000008,3.219999999999974,1.037597871908548,-3.300000000000008,3.219999999999974,0.03759787190854791
35.7,-3.250000000000008,3.189999999999974,1.037357871908548,-3.250000000000008,3.189999999999974,0.03735787190854789
35.800000000000004,-3.200000000000008,3.1599999999999744,1.0371178719085479,-3.200000000000008,3.1599999999999744,0.03711787190854787
35.9,-3.1500000000000083,3.1299999999999746,1.0368778719085479,-3.1500000000000083,3.1299999999999746,0.036877871908547855
36.0,-3.1000000000000085,3.0999999999999748,1.0366378719085478,-3.1000000000000085,3.0999999999999748,0.03663787190854784
36.1,-3.0500000000000087,3.069999999999975,1.0363978719085478,-3.0500000000000087,3.069999999999975,0.03639787190854782
36.2,-3.000000000000009,3.039999999999975,1.0361578719085478,-3.000000000000009,3.039999999999975,0.0361578719085478
36.300000000000004,-2.950000000000009,3.0099999999999754,1.0359178719085478,-2.950000000000009,3.0099999999999754,0.03591787190854778
36.4,-2.9000000000000092,2.9799999999999756,1.0356778719085478,-2.9000000000000092,2.9799999999999756,0.035677871908547765
36.5,-2.8500000000000094,2.9499999999999758,1.0354378719085477,-2.8500000000000094,2.9499999999999758,0.03543787190854775
36.6,-2.8000000000000096,2.919999999999976,1.0351978719085477,-2.8000000000000096,2.919999999999976,0.03519787190854773
36.7,-2.7500000000000098,2.889999999999976,1.0349578719085477,-2.7500000000000098,2.889999999999976,0.03495787190854771
36.800000000000004,-2.70000000000001,2.8599999999999763,1.0347178719085477,-2.70000000000001,2.8599999999999763,0.03471787190854769
36.9,-2.65000000000001,2.8299999999999765,1.0344778719085477,-2.65000000000001,2.8299999999999765,0.034477871908547675
37.0,-2.6000000000000103,2.7999999999999767,1.0342378719085477,-2.6000000000000103,2.7999999999999767,0.03423787190854766
37.1,-2.5500000000000105,2.769999999999977,1.0339978719085476,-2.5500000000000105,2.769999999999977,0.03399787190854764
37.2,-2.5000000000000107,2.739999999999977,1.0337578719085476,-2.5000000000000107,2.739999999999977,0.03375787190854762
37.300000000000004,-2.450000000000011,2.7099999999999773,1.0335178719085476,-2.450000000000011,2.7099999999999773,0.0335178719085476
37.4,-2.400000000000011,2.6799999999999775,1.0332778719085476,-2.400000000000011,2.6799999999999775,0.033277871908547585
37.5,-2.350000000000011,2.6499999999999777,1.0330378719085476,-2.350000000000011,2.6499999999999777,0.03303787190854757
37.6,-2.3000000000000114,2.619999999999978,1.0327978719085475,-2.3000000000000114,2.619999999999978,0.03279787190854755
37.7,-2.2500000000000115,2.589999999999978,1.0325578719085475,-2.2500000000000115,2.589999999999978,0.03255787190854753
37.800000000000004,-2.2000000000000117,2.5599999999999783,1.0323178719085475,-2.2000000000000117,2.5599999999999783,0.03231787190854751
37.9,-2.150000000000012,2.5299999999999785,1.0320778719085475,-2.150000000000012,2.5299999999999785,0.032077871908547495
38.0,-2.100000000000012,2.4999999999999787,1.0318378719085475,-2.100000000000012,2.4999999999999787,0.03183787190854748
38.1,-2.0500000000000123,2.469999999999979,1.0315978719085475,-2.0500000000000123,2.469999999999979,0.03159787190854746
38.2,-2.0000000000000124,2.439999999999979,1.0313578719085474,-2.0000000000000124,2.439999999999979,0.03135787190854744
38.300000000000004,-1.9500000000000124,2.4099999999999793,1.0311178719085474,-1.9500000000000124,2.4099999999999793,0.031117871908547423
38.400000000000006,-1.9000000000000123,2.3799999999999795,1.0308778719085474,-1.9000000000000123,2.3799999999999795,0.030877871908547405
38.5,-1.8500000000000123,2.3499999999999797,1.0306378719085474,-1.8500000000000123,2.3499999999999797,0.030637871908547387
38.6,-1.8000000000000123,2.31999999999998,1.0303978719085474,-1.8000000000000123,2.31999999999998,0.03039787190854737
38.7,-1.7500000000000122,2.28999999999998,1.0301578719085474,-1.7500000000000122,2.28999999999998,0.03015787190854735
38.800000000000004,-1.7000000000000122,2.2599999999999802,1.0299178719085473,-1.7000000000000122,2.2599999999999802,0.029917871908547333
38.900000000000006,-1.6500000000000121,2.2299999999999804,1.0296778719085473,-1.6500000000000121,2.2299999999999804,0.029677871908547315
39.0,-1.600000000000012,2.1999999999999806,1.0294378719085473,-1.600000000000012,2.1999999999999806,0.029437871908547297
39.1,-1.550000000000012,2.169999999999981,1.0291978719085473,-1.550000000000012,2.169999999999981,0.02919787190854728
39.2,-1.500000000000012,2.139999999999981,1.0289578719085473,-1.500000000000012,2.139999999999981,0.02895787190854726
39.300000000000004,-1.450000000000012,2.1099999999999812,1.0287178719085472,-1.450000000000012,2.1099999999999812,0.028717871908547243
39.400000000000006,-1.400000000000012,2.0799999999999814,1.0284778719085472,-1.400000000000012,2.0799999999999814,0.028477871908547225
39.5,-1.3500000000000119,2.0499999999999816,1.0282378719085472,-1.3500000000000119,2.0499999999999816,0.028237871908547207
39.6,-1.3000000000000118,2.019999999999982,1.0279978719085472,-1.3000000000000118,2.019999999999982,0.02799787190854719
39.7,-1.2500000000000118,1.9899999999999818,1.0277578719085472,-1.2500000000000118,1.9899999999999818,0.02775787190854717
39.800000000000004,-1.2000000000000117,1.9599999999999818,1.0275178719085472,-1.2000000000000117,1.9599999999999818,0.027517871908547153
39.900000000000006,-1.1500000000000117,1.9299999999999817,1.0272778719085471,-1.1500000000000117,1.9299999999999817,0.027277871908547136
40.0,-1.1000000000000116,1.8999999999999817,1.0270378719085471,-1.1000000000000116,1.8999999999999817,0.027037871908547118
40.1,-1.0500000000000116,1.8699999999999817,1.026797871908547,-1.0500000000000116,1.8699999999999817,0.0267978719085471
40.2,-1.0000000000000115,1.8399999999999817,1.026557871908547,-1.0000000000000115,1.8399999999999817,0.02655787190854708
40.300000000000004,-0.9500000000000115,1.8099999999999816,1.026317871908547,-0.9500000000000115,1.8099999999999816,0.026317871908547064
40.400000000000006,-0.9000000000000115,1.7799999999999816,1.026077871908547,-0.9000000000000115,1.7799999999999816,0.026077871908547046
40.5,-0.8500000000000114,1.7499999999999816,1.025837871908547,-0.8500000000000114,1.7499999999999816,0.025837871908547028
40.6,-0.8000000000000114,1.7199999999999815,1.025597871908547,-0.8000000000000114,1.7199999999999815,0.02559787190854701
40.7,-0.7500000000000113,1.6899999999999815,1.025357871908547,-0.7500000000000113,1.6899999999999815,0.02535787190854699
40.800000000000004,-0.7000000000000113,1.6599999999999815,1.025117871908547,-0.7000000000000113,1.6599999999999815,0.025117871908546974
40.900000000000006,-0.6500000000000112,1.6299999999999815,1.024877871908547,-0.6500000000000112,1.6299999999999815,0.024877871908546956
41.0,-0.6000000000000112,1.5999999999999814,1.024637871908547,-0.6000000000000112,1.5999999999999814,0.024637871908546938
41.1,-0.5500000000000111,1.5699999999999814,1.024397871908547,-0.5500000000000111,1.5699999999999814,0.02439787190854692
41.2,-0.5000000000000111,1.5399999999999814,1.024157871908547,-0.5000000000000111,1.5399999999999814,0.024157871908546902
41.300000000000004,-0.4500000000000111,1.5099999999999814,1.0239178719085469,-0.4500000000000111,1.5099999999999814,0.023917871908546884
41.400000000000006,-0.4000000000000111,1.4799999999999813,1.0236778719085469,-0.4000000000000111,1.4799999999999813,0.023677871908546866
41.5,-0.35000000000001114,1.4499999999999813,1.0234378719085468,-0.35000000000001114,1.4499999999999813,0.023437871908546848
41.6,-0.30000000000001115,1.4199999999999813,1.0231978719085468,-0.30000000000001115,1.4199999999999813,0.02319787190854683
41.7,-0.25000000000001116,1.3899999999999813,1.0229578719085468,-0.25000000000001116,1.3899999999999813,0.022957871908546812
41.800000000000004,-0.20000000000001117,1.3599999999999812,1.0227178719085468,-0.20000000000001117,1.3599999999999812,0.022717871908546794
41.900000000000006,-0.15000000000001118,1.3299999999999812,1.0224778719085468,-0.15000000000001118,1.3299999999999812,0.022477871908546776
42.0,-0.10000000000001118,1.2999999999999812,1.0222378719085468,-0.10000000000001118,1.2999999999999812,0.022237871908546758
42.1,-0.050000000000011174,1.2699999999999811,1.0219978719085467,-0.050000000000011174,1.2699999999999811,0.02199787190854674
42.2,-1.1171619185290638e-14,1.2399999999999811,1.0217578719085467,-1.1171619185290638e-14,1.2399999999999811,0.021757871908546722
42.300000000000004,0.04999999999998883,1.209999999999981,1.0215178719085467,0.04999999999998883,1.209999999999981,0.021517871908546704
42.400000000000006,0.09999999999998883,1.179999999999981,1.0212778719085467,0.09999999999998883,1.179999999999981,0.021277871908546686
42.5,0.14999999999998884,1.149999999999981,1.0210378719085467,0.14999999999998884,1.149999999999981,0.021037871908546668
42.6,0.19999999999998885,1.119999999999981,1.0207978719085467,0.19999999999998885,1.119999999999981,0.02079787190854665
42.7,0.24999999999998884,1.089999999999981,1.0205578719085466,0.24999999999998884,1.089999999999981,0.020557871908546632
42.800000000000004,0.29999999999998883,1.059999999999981,1.0203178719085466,0.29999999999998883,1.059999999999981,0.020317871908546614
42.900000000000006,0.3499999999999888,1.029999999999981,1.0200778719085466,0.3499999999999888,1.029999999999981,0.020077871908546596
43.0,0.3999999999999888,0.9999999999999809,1.0198378719085466,0.3999999999999888,0.9999999999999809,0.019837871908546578
