run_id,trial_id,kp,time,x,y,z,error_x,error_y,error_z
20260827_112652,1,0.2,0.1,-100.0,100.0,1.5,-100.0,100.0,0.5
20260827_112652,1,0.2,0.2,-100.0,100.0,1.5,-100.0,100.0,0.5
20260827_112652,1,0.2,0.30000000000000004,-100.0,100.0,1.5,-100.0,100.0,0.5
20260827_112652,1,0.2,0.4,-98.0,98.0,1.4905747126436781,-98.0,98.0,0.49057471264367813
20260827_112652,1,0.2,0.5,-96.04,96.04,1.4811494252873563,-96.04,96.04,0.48114942528735627
20260827_112652,1,0.2,0.6000000000000001,-94.10000000000001,94.12,1.472385380343536,-94.10000000000001,94.12,0.47238538034353605
20260827_112652,1,0.2,0.7000000000000001,-92.2,92.24000000000001,1.4636213353997158,-92.2,92.24000000000001,0.46362133539971584
20260827_112652,1,0.2,0.8,-90.34,90.4,1.4548572904558956,-90.34,90.4,0.4548572904558956
20260827_112652,1,0.2,0.9,-88.52000000000001,88.60000000000001,1.4460932455120754,-88.52000000000001,88.60000000000001,0.4460932455120754
20260827_112652,1,0.2,1.0,-86.74000000000001,86.84,1.4379613773802074,-86.74000000000001,86.84,0.43796137738020735
20260827_112652,1,0.2,1.1,-85.00000000000001,85.12,1.4298295092483393,-85.00000000000001,85.12,0.4298295092483393
20260827_112652,1,0.2,1.2000000000000002,-83.30000000000001,83.42,1.4216976411164712,-83.30000000000001,83.42,0.42169764111647123
20260827_112652,1,0.2,1.3,-81.62,81.76,1.414170759396041,-81.62,81.76,0.4141707593960411
20260827_112652,1,0.2,1.4000000000000001,-79.98,80.14,1.406643877675611,-79.98,80.14,0.40664387767561094
20260827_112652,1,0.2,1.5,-78.38000000000001,78.54,1.3991169959551808,-78.38000000000001,78.54,0.3991169959551808
20260827_112652,1,0.2,1.6,-76.80000000000001,76.98,1.3915901142347507,-76.80000000000001,76.98,0.39159011423475065
20260827_112652,1,0.2,1.7000000000000002,-75.26,75.46000000000001,1.3840632325143205,-75.26,75.46000000000001,0.3840632325143205
20260827_112652,1,0.2,1.8,-73.74000000000001,73.96000000000001,1.377115864093268,-73.74000000000001,73.96000000000001,0.3771158640932679
20260827_112652,1,0.2,1.9000000000000001,-72.26,72.50000000000001,1.3701684956722153,-72.26,72.50000000000001,0.3701684956722153
20260827_112652,1,0.2,2.0,-70.80000000000001,71.06000000000002,1.3632211272511627,-70.80000000000001,71.06000000000002,0.36322112725116273
20260827_112652,1,0.2,2.1,-69.38000000000001,69.64000000000001,1.3562737588301101,-69.38000000000001,69.64000000000001,0.35627375883011014
20260827_112652,1,0.2,2.2,-67.98,68.26000000000002,1.3498820062527905,-67.98,68.26000000000002,0.34988200625279053
20260827_112652,1,0.2,2.3000000000000003,-66.62,66.90000000000002,1.343490253675471,-66.62,66.90000000000002,0.3434902536754709
20260827_112652,1,0.2,2.4000000000000004,-65.28,65.58000000000001,1.3370985010981513,-65.28,65.58000000000001,0.3370985010981513
20260827_112652,1,0.2,2.5,-63.96,64.28000000000002,1.3307067485208317,-63.96,64.28000000000002,0.3307067485208317
20260827_112652,1,0.2,2.6,-62.68,63.000000000000014,1.324848162662246,-62.68,63.000000000000014,0.3248481626622459
20260827_112652,1,0.2,2.7,-61.42,61.740000000000016,1.3189895768036601,-61.42,61.740000000000016,0.31898957680366014
20260827_112652,1,0.2,2.8000000000000003,-60.18,60.52000000000002,1.3131309909450744,-60.18,60.52000000000002,0.31313099094507435
20260827_112652,1,0.2,2.9000000000000004,-58.96,59.320000000000014,1.3072724050864886,-58.96,59.320000000000014,0.30727240508648856
20260827_112652,1,0.2,3.0,-57.78,58.140000000000015,1.3014138192279028,-57.78,58.140000000000015,0.3014138192279028
20260827_112652,1,0.2,3.1,-56.620000000000005,56.98000000000002,1.2960672845744374,-56.620000000000005,56.98000000000002,0.29606728457443743
20260827_112652,1,0.2,3.2,-55.480000000000004,55.86000000000002,1.290720749920972,-55.480000000000004,55.86000000000002,0.2907207499209721
20260827_112652,1,0.2,3.3000000000000003,-54.36000000000001,54.76000000000002,1.2853742152675067,-54.36000000000001,54.76000000000002,0.2853742152675067
20260827_112652,1,0.2,3.4000000000000004,-53.260000000000005,53.68000000000002,1.2800276806140414,-53.260000000000005,53.68000000000002,0.2800276806140414
20260827_112652,1,0.2,3.5,-52.18000000000001,52.62000000000002,1.274681145960576,-52.18000000000001,52.62000000000002,0.274681145960576
20260827_112652,1,0.2,3.6,-51.120000000000005,51.58000000000002,1.2698267770285372,-51.120000000000005,51.58000000000002,0.2698267770285372
20260827_112652,1,0.2,3.7,-50.080000000000005,50.56000000000002,1.2649724080964984,-50.080000000000005,50.56000000000002,0.26497240809649836
20260827_112652,1,0.2,3.8000000000000003,-49.06,49.56000000000002,1.2601180391644595,-49.06,49.56000000000002,0.2601180391644595
20260827_112652,1,0.2,3.9000000000000004,-48.06,48.58000000000002,1.2552636702324207,-48.06,48.58000000000002,0.2552636702324207
20260827_112652,1,0.2,4.0,-47.080000000000005,47.62000000000002,1.2504093013003819,-47.080000000000005,47.62000000000002,0.25040930130038186
20260827_112652,1,0.2,4.1000000000000005,-46.120000000000005,46.68000000000002,1.2460283489194295,-46.120000000000005,46.68000000000002,0.24602834891942948
20260827_112652,1,0.2,4.2,-45.18000000000001,45.76000000000002,1.241647396538477,-45.18000000000001,45.76000000000002,0.2416473965384771
20260827_112652,1,0.2,4.3,-44.260000000000005,44.86000000000002,1.2372664441575247,-44.260000000000005,44.86000000000002,0.23726644415752474
20260827_112652,1,0.2,4.4,-43.36000000000001,43.98000000000002,1.2328854917765724,-43.36000000000001,43.98000000000002,0.23288549177657236
20260827_112652,1,0.2,4.5,-42.480000000000004,43.12000000000002,1.22850453939562,-42.480000000000004,43.12000000000002,0.22850453939562
20260827_112652,1,0.2,4.6000000000000005,-41.620000000000005,42.26000000000002,1.2245793057507601,-41.620000000000005,42.26000000000002,0.22457930575076013
20260827_112652,1,0.2,4.7,-40.78,41.420000000000016,1.2206540721059003,-40.78,41.420000000000016,0.22065407210590027
20260827_112652,1,0.2,4.800000000000001,-39.96,40.600000000000016,1.2167288384610404,-39.96,40.600000000000016,0.2167288384610404
20260827_112652,1,0.2,4.9,-39.160000000000004,39.80000000000002,1.2128036048161805,-39.160000000000004,39.80000000000002,0.21280360481618055
20260827_112652,1,0.2,5.0,-38.36000000000001,39.02000000000002,1.2088783711713207,-38.36000000000001,39.02000000000002,0.2088783711713207
20260827_112652,1,0.2,5.1000000000000005,-37.580000000000005,38.240000000000016,1.2049531375264608,-37.580000000000005,38.240000000000016,0.20495313752646083
20260827_112652,1,0.2,5.2,-36.82000000000001,37.48000000000002,1.2014668989943507,-36.82000000000001,37.48000000000002,0.20146689899435066
20260827_112652,1,0.2,5.300000000000001,-36.080000000000005,36.740000000000016,1.1979806604622405,-36.080000000000005,36.740000000000016,0.1979806604622405
20260827_112652,1,0.2,5.4,-35.34,36.02000000000002,1.1944944219301303,-35.34,36.02000000000002,0.19449442193013033
20260827_112652,1,0.2,5.5,-34.620000000000005,35.30000000000002,1.1910081833980202,-34.620000000000005,35.30000000000002,0.19100818339802017
20260827_112652,1,0.2,5.6000000000000005,-33.92,34.600000000000016,1.18752194486591,-33.92,34.600000000000016,0.18752194486591
20260827_112652,1,0.2,5.7,-33.24,33.920000000000016,1.1840357063337998,-33.24,33.920000000000016,0.18403570633379984
20260827_112652,1,0.2,5.800000000000001,-32.56,33.26000000000002,1.1809726432707368,-32.56,33.26000000000002,0.1809726432707368
20260827_112652,1,0.2,5.9,-31.900000000000002,32.60000000000002,1.1779095802076738,-31.900000000000002,32.60000000000002,0.17790958020767378
20260827_112652,1,0.2,6.0,-31.26,31.960000000000022,1.1748465171446107,-31.26,31.960000000000022,0.17484651714461075
20260827_112652,1,0.2,6.1000000000000005,-30.62,31.34000000000002,1.1717834540815477,-30.62,31.34000000000002,0.17178345408154772
20260827_112652,1,0.2,6.2,-30.0,30.72000000000002,1.1687203910184847,-30.0,30.72000000000002,0.16872039101848468
20260827_112652,1,0.2,6.300000000000001,-29.4,30.12000000000002,1.1656573279554217,-29.4,30.12000000000002,0.16565732795542165
20260827_112652,1,0.2,6.4,-28.799999999999997,29.520000000000017,1.1625942648923586,-28.799999999999997,29.520000000000017,0.16259426489235862
20260827_112652,1,0.2,6.5,-28.22,28.94000000000002,1.1599393976357215,-28.22,28.94000000000002,0.15993939763572151
20260827_112652,1,0.2,6.6000000000000005,-27.64,28.38000000000002,1.1572845303790844,-27.64,28.38000000000002,0.1572845303790844
20260827_112652,1,0.2,6.7,-27.080000000000002,27.82000000000002,1.1546296631224473,-27.080000000000002,27.82000000000002,0.1546296631224473
20260827_112652,1,0.2,6.800000000000001,-26.520000000000003,27.280000000000022,1.1519747958658102,-26.520000000000003,27.280000000000022,0.1519747958658102
20260827_112652,1,0.2,6.9,-25.980000000000004,26.740000000000023,1.149319928609173,-25.980000000000004,26.740000000000023,0.1493199286091731
20260827_112652,1,0.2,7.0,-25.460000000000004,26.220000000000024,1.146665061352536,-25.460000000000004,26.220000000000024,0.14666506135253599
20260827_112652,1,0.2,7.1000000000000005,-24.940000000000005,25.700000000000024,1.1440101940958989,-24.940000000000005,25.700000000000024,0.14401019409589888
20260827_112652,1,0.2,7.2,-24.440000000000005,25.200000000000024,1.1413553268392618,-24.440000000000005,25.200000000000024,0.14135532683926177
20260827_112652,1,0.2,7.300000000000001,-23.940000000000005,24.700000000000024,1.1390944572740445,-23.940000000000005,24.700000000000024,0.13909445727404446
20260827_112652,1,0.2,7.4,-23.460000000000004,24.220000000000024,1.1368335877088271,-23.460000000000004,24.220000000000024,0.13683358770882714
20260827_112652,1,0.2,7.5,-22.980000000000004,23.740000000000023,1.1345727181436098,-22.980000000000004,23.740000000000023,0.13457271814360983
20260827_112652,1,0.2,7.6000000000000005,-22.520000000000003,23.280000000000022,1.1323118485783925,-22.520000000000003,23.280000000000022,0.1323118485783925
20260827_112652,1,0.2,7.7,-22.060000000000002,22.82000000000002,1.1300509790131752,-22.060000000000002,22.82000000000002,0.1300509790131752
20260827_112652,1,0.2,7.800000000000001,-21.6,22.38000000000002,1.1277901094479579,-21.6,22.38000000000002,0.12779010944795788
20260827_112652,1,0.2,7.9,-21.16,21.94000000000002,1.1255292398827406,-21.16,21.94000000000002,0.12552923988274056
20260827_112652,1,0.2,8.0,-20.72,21.520000000000017,1.1232683703175232,-20.72,21.520000000000017,0.12326837031752325
20260827_112652,1,0.2,8.1,-20.299999999999997,21.100000000000016,1.121007500752306,-20.299999999999997,21.100000000000016,0.12100750075230593
20260827_112652,1,0.2,8.200000000000001,-19.879999999999995,20.680000000000014,1.119127158871964,-19.879999999999995,20.680000000000014,0.11912715887196401
20260827_112652,1,0.2,8.3,-19.479999999999997,20.280000000000015,1.117246816991622,-19.479999999999997,20.280000000000015,0.1172468169916221
20260827_112652,1,0.2,8.4,-19.08,19.880000000000017,1.1153664751112802,-19.08,19.880000000000017,0.11536647511128018
20260827_112652,1,0.2,8.5,-18.68,19.500000000000018,1.1134861332309383,-18.68,19.500000000000018,0.11348613323093826
20260827_112652,1,0.2,8.6,-18.3,19.12000000000002,1.1116057913505963,-18.3,19.12000000000002,0.11160579135059634
20260827_112652,1,0.2,8.700000000000001,-17.92,18.74000000000002,1.1097254494702544,-17.92,18.74000000000002,0.10972544947025442
20260827_112652,1,0.2,8.8,-17.560000000000002,18.38000000000002,1.1078451075899125,-17.560000000000002,18.38000000000002,0.1078451075899125
20260827_112652,1,0.2,8.9,-17.200000000000003,18.02000000000002,1.1059647657095706,-17.200000000000003,18.02000000000002,0.10596476570957059
20260827_112652,1,0.2,9.0,-16.840000000000003,17.66000000000002,1.1040844238292287,-16.840000000000003,17.66000000000002,0.10408442382922867
20260827_112652,1,0.2,9.1,-16.500000000000004,17.32000000000002,1.1022040819488867,-16.500000000000004,17.32000000000002,0.10220408194888675
20260827_112652,1,0.2,9.200000000000001,-16.160000000000004,16.98000000000002,1.1006914769068699,-16.160000000000004,16.98000000000002,0.10069147690686986
20260827_112652,1,0.2,9.3,-15.820000000000004,16.66000000000002,1.099178871864853,-15.820000000000004,16.66000000000002,0.09917887186485297
20260827_112652,1,0.2,9.4,-15.500000000000004,16.34000000000002,1.097666266822836,-15.500000000000004,16.34000000000002,0.09766626682283608
20260827_112652,1,0.2,9.5,-15.180000000000003,16.02000000000002,1.0961536617808192,-15.180000000000003,16.02000000000002,0.09615366178081919
20260827_112652,1,0.2,9.600000000000001,-14.860000000000003,15.70000000000002,1.0946410567388023,-14.860000000000003,15.70000000000002,0.0946410567388023
20260827_112652,1,0.2,9.700000000000001,-14.560000000000002,15.40000000000002,1.0931284516967854,-14.560000000000002,15.40000000000002,0.09312845169678541
20260827_112652,1,0.2,9.8,-14.260000000000002,15.10000000000002,1.0916158466547685,-14.260000000000002,15.10000000000002,0.09161584665476852
20260827_112652,1,0.2,9.9,-13.96,14.800000000000018,1.0901032416127516,-13.96,14.800000000000018,0.09010324161275163
20260827_112652,1,0.2,10.0,-13.680000000000001,14.52000000000002,1.0885906365707347,-13.680000000000001,14.52000000000002,0.08859063657073474
20260827_112652,1,0.2,10.100000000000001,-13.400000000000002,14.24000000000002,1.0870780315287178,-13.400000000000002,14.24000000000002,0.08707803152871785
20260827_112652,1,0.2,10.200000000000001,-13.120000000000003,13.96000000000002,1.085565426486701,-13.120000000000003,13.96000000000002,0.08556542648670096
20260827_112652,1,0.2,10.3,-12.840000000000003,13.70000000000002,1.084052821444684,-12.840000000000003,13.70000000000002,0.08405282144468407
20260827_112652,1,0.2,10.4,-12.580000000000004,13.44000000000002,1.0828957966512955,-12.580000000000004,13.44000000000002,0.08289579665129554
20260827_112652,1,0.2,10.5,-12.320000000000004,13.180000000000021,1.081738771857907,-12.320000000000004,13.180000000000021,0.08173877185790701
20260827_112652,1,0.2,10.600000000000001,-12.060000000000004,12.920000000000021,1.0805817470645185,-12.060000000000004,12.920000000000021,0.08058174706451848
20260827_112652,1,0.2,10.700000000000001,-11.800000000000004,12.680000000000021,1.07942472227113,-11.800000000000004,12.680000000000021,0.07942472227112995
20260827_112652,1,0.2,10.8,-11.560000000000004,12.44000000000002,1.0782676974777414,-11.560000000000004,12.44000000000002,0.07826769747774143
20260827_112652,1,0.2,10.9,-11.320000000000004,12.20000000000002,1.077110672684353,-11.320000000000004,12.20000000000002,0.0771106726843529
20260827_112652,1,0.2,11.0,-11.080000000000004,11.96000000000002,1.0759536478909644,-11.080000000000004,11.96000000000002,0.07595364789096437
20260827_112652,1,0.2,11.100000000000001,-10.840000000000003,11.74000000000002,1.0747966230975758,-10.840000000000003,11.74000000000002,0.07479662309757584
20260827_112652,1,0.2,11.200000000000001,-10.620000000000003,11.52000000000002,1.0736395983041873,-10.620000000000003,11.52000000000002,0.07363959830418731
20260827_112652,1,0.2,11.3,-10.400000000000002,11.300000000000018,1.0724825735107988,-10.400000000000002,11.300000000000018,0.07248257351079879
20260827_112652,1,0.2,11.4,-10.180000000000001,11.080000000000018,1.0713255487174103,-10.180000000000001,11.080000000000018,0.07132554871741026
20260827_112652,1,0.2,11.5,-9.96,10.860000000000017,1.0701685239240217,-9.96,10.860000000000017,0.07016852392402173
20260827_112652,1,0.2,11.600000000000001,-9.760000000000002,10.660000000000018,1.0690114991306332,-9.760000000000002,10.660000000000018,0.0690114991306332
20260827_112652,1,0.2,11.700000000000001,-9.560000000000002,10.460000000000019,1.0678544743372447,-9.560000000000002,10.460000000000019,0.06785447433724467
20260827_112652,1,0.2,11.8,-9.360000000000003,10.26000000000002,1.0666974495438561,-9.360000000000003,10.26000000000002,0.06669744954385615
20260827_112652,1,0.2,11.9,-9.160000000000004,10.06000000000002,1.0655404247504676,-9.160000000000004,10.06000000000002,0.06554042475046762
20260827_112652,1,0.2,12.0,-8.960000000000004,9.86000000000002,1.0647274166203864,-8.960000000000004,9.86000000000002,0.06472741662038639
20260827_112652,1,0.2,12.100000000000001,-8.780000000000005,9.680000000000021,1.0639144084903052,-8.780000000000005,9.680000000000021,0.06391440849030516
20260827_112652,1,0.2,12.200000000000001,-8.600000000000005,9.500000000000021,1.063101400360224,-8.600000000000005,9.500000000000021,0.06310140036022394
20260827_112652,1,0.2,12.3,-8.420000000000005,9.320000000000022,1.0622883922301427,-8.420000000000005,9.320000000000022,0.06228839223014271
20260827_112652,1,0.2,12.4,-8.240000000000006,9.140000000000022,1.0614753841000615,-8.240000000000006,9.140000000000022,0.06147538410006148
20260827_112652,1,0.2,12.5,-8.060000000000006,8.960000000000022,1.0606623759699803,-8.060000000000006,8.960000000000022,0.06066237596998025
20260827_112652,1,0.2,12.600000000000001,-7.880000000000006,8.800000000000022,1.059849367839899,-7.880000000000006,8.800000000000022,0.059849367839899026
20260827_112652,1,0.2,12.700000000000001,-7.720000000000006,8.640000000000022,1.0590363597098178,-7.720000000000006,8.640000000000022,0.0590363597098178
20260827_112652,1,0.2,12.8,-7.560000000000006,8.480000000000022,1.0582233515797366,-7.560000000000006,8.480000000000022,0.05822335157973657
20260827_112652,1,0.2,12.9,-7.400000000000006,8.320000000000022,1.0574103434496553,-7.400000000000006,8.320000000000022,0.05741034344965534
20260827_112652,1,0.2,13.0,-7.2400000000000055,8.160000000000021,1.0565973353195741,-7.2400000000000055,8.160000000000021,0.056597335319574116
20260827_112652,1,0.2,13.100000000000001,-7.080000000000005,8.000000000000021,1.0557843271894929,-7.080000000000005,8.000000000000021,0.05578432718949289
20260827_112652,1,0.2,13.200000000000001,-6.920000000000005,7.840000000000021,1.0549713190594117,-6.920000000000005,7.840000000000021,0.05497131905941166
20260827_112652,1,0.2,13.3,-6.780000000000006,7.7000000000000215,1.0541583109293304,-6.780000000000006,7.7000000000000215,0.05415831092933043
20260827_112652,1,0.2,13.4,-6.640000000000006,7.560000000000022,1.0533453027992492,-6.640000000000006,7.560000000000022,0.053345302799249206
20260827_112652,1,0.2,13.5,-6.500000000000006,7.420000000000022,1.052532294669168,-6.500000000000006,7.420000000000022,0.05253229466916798
20260827_112652,1,0.2,13.600000000000001,-6.3600000000000065,7.2800000000000225,1.0517192865390868,-6.3600000000000065,7.2800000000000225,0.05171928653908675
20260827_112652,1,0.2,13.700000000000001,-6.220000000000007,7.140000000000023,1.0509062784090055,-6.220000000000007,7.140000000000023,0.05090627840900552
20260827_112652,1,0.2,13.8,-6.080000000000007,7.000000000000023,1.0500932702789243,-6.080000000000007,7.000000000000023,0.050093270278924296
20260827_112652,1,0.2,13.9,-5.9400000000000075,6.860000000000023,1.049280262148843,-5.9400000000000075,6.860000000000023,0.04928026214884307
20260827_112652,1,0.2,14.0,-5.820000000000007,6.740000000000023,1.0484672540187618,-5.820000000000007,6.740000000000023,0.04846725401876184
20260827_112652,1,0.2,14.100000000000001,-5.700000000000007,6.620000000000023,1.0479872540187618,-5.700000000000007,6.620000000000023,0.047987254018761805
20260827_112652,1,0.2,14.200000000000001,-5.580000000000007,6.500000000000023,1.0475072540187618,-5.580000000000007,6.500000000000023,0.04750725401876177
20260827_112652,1,0.2,14.3,-5.460000000000007,6.380000000000023,1.0470272540187617,-5.460000000000007,6.380000000000023,0.04702725401876173
20260827_112652,1,0.2,14.4,-5.340000000000007,6.260000000000023,1.0465472540187617,-5.340000000000007,6.260000000000023,0.0465472540187617
20260827_112652,1,0.2,14.5,-5.220000000000007,6.140000000000023,1.0460672540187617,-5.220000000000007,6.140000000000023,0.04606725401876166
20260827_112652,1,0.2,14.600000000000001,-5.100000000000007,6.020000000000023,1.0455872540187616,-5.100000000000007,6.020000000000023,0.045587254018761625
20260827_112652,1,0.2,14.700000000000001,-4.980000000000007,5.900000000000023,1.0451072540187616,-4.980000000000007,5.900000000000023,0.04510725401876159
20260827_112652,1,0.2,14.8,-4.8600000000000065,5.7800000000000225,1.0446272540187616,-4.8600000000000065,5.7800000000000225,0.04462725401876155
20260827_112652,1,0.2,14.9,-4.740000000000006,5.660000000000022,1.0441472540187615,-4.740000000000006,5.660000000000022,0.04414725401876152
20260827_112652,1,0.2,15.0,-4.620000000000006,5.540000000000022,1.0436672540187615,-4.620000000000006,5.540000000000022,0.04366725401876148
20260827_112652,1,0.2,15.100000000000001,-4.500000000000006,5.420000000000022,1.0431872540187614,-4.500000000000006,5.420000000000022,0.043187254018761445
20260827_112652,1,0.2,15.200000000000001,-4.380000000000006,5.300000000000022,1.0427072540187614,-4.380000000000006,5.300000000000022,0.04270725401876141
20260827_112652,1,0.2,15.3,-4.260000000000006,5.180000000000022,1.0422272540187614,-4.260000000000006,5.180000000000022,0.04222725401876137
20260827_112652,1,0.2,15.4,-4.140000000000006,5.060000000000022,1.0417472540187613,-4.140000000000006,5.060000000000022,0.04174725401876134
20260827_112652,1,0.2,15.5,-4.020000000000006,4.940000000000022,1.0412672540187613,-4.020000000000006,4.940000000000022,0.0412672540187613
20260827_112652,1,0.2,15.600000000000001,-3.9000000000000057,4.820000000000022,1.0407872540187613,-3.9000000000000057,4.820000000000022,0.040787254018761265
20260827_112652,1,0.2,15.700000000000001,-3.7800000000000056,4.7000000000000215,1.0403072540187612,-3.7800000000000056,4.7000000000000215,0.04030725401876123
20260827_112652,1,0.2,15.8,-3.6600000000000055,4.580000000000021,1.0398272540187612,-3.6600000000000055,4.580000000000021,0.03982725401876119
20260827_112652,1,0.2,15.9,-3.5400000000000054,4.460000000000021,1.0393472540187612,-3.5400000000000054,4.460000000000021,0.03934725401876116
20260827_112652,1,0.2,16.0,-3.4200000000000053,4.340000000000021,1.0388672540187611,-3.4200000000000053,4.340000000000021,0.03886725401876112
20260827_112652,1,0.2,16.1,-3.300000000000005,4.220000000000021,1.038387254018761,-3.300000000000005,4.220000000000021,0.038387254018761086
20260827_112652,1,0.2,16.2,-3.180000000000005,4.100000000000021,1.037907254018761,-3.180000000000005,4.100000000000021,0.03790725401876105
20260827_112652,1,0.2,16.3,-3.060000000000005,3.980000000000021,1.037427254018761,-3.060000000000005,3.980000000000021,0.037427254018761014
20260827_112652,1,0.2,16.400000000000002,-2.940000000000005,3.8600000000000207,1.036947254018761,-2.940000000000005,3.8600000000000207,0.03694725401876098
20260827_112652,1,0.2,16.5,-2.8200000000000047,3.7400000000000206,1.036467254018761,-2.8200000000000047,3.7400000000000206,0.03646725401876094
20260827_112652,1,0.2,16.6,-2.7000000000000046,3.6200000000000205,1.035987254018761,-2.7000000000000046,3.6200000000000205,0.035987254018760906
20260827_112652,1,0.2,16.7,-2.5800000000000045,3.5000000000000204,1.0355072540187609,-2.5800000000000045,3.5000000000000204,0.03550725401876087
20260827_112652,1,0.2,16.8,-2.4600000000000044,3.3800000000000203,1.0350272540187608,-2.4600000000000044,3.3800000000000203,0.035027254018760834
20260827_112652,1,0.2,16.900000000000002,-2.3400000000000043,3.26000000000002,1.0345472540187608,-2.3400000000000043,3.26000000000002,0.0345472540187608
20260827_112652,1,0.2,17.0,-2.220000000000004,3.14000000000002,1.0340672540187608,-2.220000000000004,3.14000000000002,0.03406725401876076
20260827_112652,1,0.2,17.1,-2.100000000000004,3.02000000000002,1.0335872540187607,-2.100000000000004,3.02000000000002,0.033587254018760726
20260827_112652,1,0.2,17.2,-1.980000000000004,2.90000000000002,1.0331072540187607,-1.980000000000004,2.90000000000002,0.03310725401876069
20260827_112652,1,0.2,17.3,-1.8600000000000039,2.78000000000002,1.0326272540187607,-1.8600000000000039,2.78000000000002,0.032627254018760654
20260827_112652,1,0.2,17.400000000000002,-1.7400000000000038,2.6600000000000197,1.0321472540187606,-1.7400000000000038,2.6600000000000197,0.03214725401876062
20260827_112652,1,0.2,17.5,-1.6200000000000037,2.5400000000000196,1.0316672540187606,-1.6200000000000037,2.5400000000000196,0.03166725401876058
20260827_112652,1,0.2,17.6,-1.5000000000000036,2.4200000000000195,1.0311872540187605,-1.5000000000000036,2.4200000000000195,0.031187254018760546
20260827_112652,1,0.2,17.7,-1.3800000000000034,2.3000000000000194,1.0307072540187605,-1.3800000000000034,2.3000000000000194,0.03070725401876051
20260827_112652,1,0.2,17.8,-1.2600000000000033,2.1800000000000193,1.0302272540187605,-1.2600000000000033,2.1800000000000193,0.030227254018760474
20260827_112652,1,0.2,17.900000000000002,-1.1400000000000032,2.060000000000019,1.0297472540187604,-1.1400000000000032,2.060000000000019,0.02974725401876044
20260827_112652,1,0.2,18.0,-1.0200000000000031,1.940000000000019,1.0292672540187604,-1.0200000000000031,1.940000000000019,0.029267254018760402
20260827_112652,1,0.2,18.1,-0.9000000000000031,1.820000000000019,1.0287872540187604,-0.9000000000000031,1.820000000000019,0.028787254018760366
20260827_112652,1,0.2,18.2,-0.7800000000000031,1.7000000000000188,1.0283072540187603,-0.7800000000000031,1.7000000000000188,0.02830725401876033
20260827_112652,1,0.2,18.3,-0.6600000000000031,1.5800000000000187,1.0278272540187603,-0.6600000000000031,1.5800000000000187,0.027827254018760295
20260827_112652,1,0.2,18.400000000000002,-0.5400000000000031,1.4600000000000186,1.0273472540187603,-0.5400000000000031,1.4600000000000186,0.02734725401876026
20260827_112652,1,0.2,18.5,-0.42000000000000315,1.3400000000000185,1.0268672540187602,-0.42000000000000315,1.3400000000000185,0.026867254018760223
20260827_112652,1,0.2,18.6,-0.30000000000000315,1.2200000000000184,1.0263872540187602,-0.30000000000000315,1.2200000000000184,0.026387254018760187
20260827_112652,1,0.2,18.7,-0.18000000000000313,1.1000000000000183,1.0259072540187602,-0.18000000000000313,1.1000000000000183,0.02590725401876015
20260827_112652,1,0.2,18.8,-0.060000000000003106,0.9800000000000183,1.0254272540187601,-0.060000000000003106,0.9800000000000183,0.025427254018760115
20260827_112817,1,0.2,0.1,-100.0,100.0,1.5,-100.0,100.0,0.5
20260827_112817,1,0.2,0.2,-100.0,100.0,1.5,-100.0,100.0,0.5
20260827_112817,1,0.2,0.30000000000000004,-98.0,98.0,1.4905747126436781,-98.0,98.0,0.49057471264367813
20260827_112817,1,0.2,0.4,-96.04,96.04,1.4811494252873563,-96.04,96.04,0.48114942528735627
20260827_112817,1,0.2,0.5,-94.10000000000001,94.12,1.472385380343536,-94.10000000000001,94.12,0.47238538034353605
20260827_112817,1,0.2,0.6000000000000001,-92.2,92.24000000000001,1.4636213353997158,-92.2,92.24000000000001,0.46362133539971584
20260827_112817,1,0.2,0.7000000000000001,-90.34,90.4,1.4548572904558956,-90.34,90.4,0.4548572904558956
20260827_112817,1,0.2,0.8,-88.52000000000001,88.60000000000001,1.4460932455120754,-88.52000000000001,88.60000000000001,0.4460932455120754
20260827_112817,1,0.2,0.9,-86.74000000000001,86.84,1.4379613773802074,-86.74000000000001,86.84,0.43796137738020735
20260827_112817,1,0.2,1.0,-85.00000000000001,85.12,1.4298295092483393,-85.00000000000001,85.12,0.4298295092483393
20260827_112817,1,0.2,1.1,-83.30000000000001,83.42,1.4216976411164712,-83.30000000000001,83.42,0.42169764111647123
20260827_112817,1,0.2,1.2000000000000002,-81.62,81.76,1.414170759396041,-81.62,81.76,0.4141707593960411
20260827_112817,1,0.2,1.3,-79.98,80.14,1.406643877675611,-79.98,80.14,0.40664387767561094
20260827_112817,1,0.2,1.4000000000000001,-78.38000000000001,78.54,1.3991169959551808,-78.38000000000001,78.54,0.3991169959551808
20260827_112817,1,0.2,1.5,-76.80000000000001,76.98,1.3915901142347507,-76.80000000000001,76.98,0.39159011423475065
20260827_112817,1,0.2,1.6,-75.26,75.46000000000001,1.3840632325143205,-75.26,75.46000000000001,0.3840632325143205
20260827_112817,1,0.2,1.7000000000000002,-73.74000000000001,73.96000000000001,1.377115864093268,-73.74000000000001,73.96000000000001,0.3771158640932679
20260827_112817,1,0.2,1.8,-72.26,72.50000000000001,1.3701684956722153,-72.26,72.50000000000001,0.3701684956722153
20260827_112817,1,0.2,1.9000000000000001,-70.80000000000001,71.06000000000002,1.3632211272511627,-70.80000000000001,71.06000000000002,0.36322112725116273
20260827_112817,1,0.2,2.0,-69.38000000000001,69.64000000000001,1.3562737588301101,-69.38000000000001,69.64000000000001,0.35627375883011014
20260827_112817,1,0.2,2.1,-67.98,68.26000000000002,1.3498820062527905,-67.98,68.26000000000002,0.34988200625279053
20260827_114114,1,0.2,0.1,-100.0,100.0,1.5,-100.0,100.0,0.5
20260827_114114,1,0.2,0.2,-100.0,100.0,1.5,-100.0,100.0,0.5
20260827_114114,1,0.2,0.30000000000000004,-98.0,98.0,1.4905747126436781,-98.0,98.0,0.49057471264367813
20260827_114114,1,0.2,0.4,-96.0,96.0,1.4811494252873563,-96.0,96.0,0.48114942528735627
20260827_114114,1,0.2,0.5,-94.04,94.04,1.4717241379310344,-94.04,94.04,0.4717241379310344
20260827_114114,1,0.2,0.6000000000000001,-92.12,92.12,1.4629600929872142,-92.12,92.12,0.4629600929872142
20260827_114114,1,0.2,0.7000000000000001,-90.22,90.24000000000001,1.454196048043394,-90.22,90.24000000000001,0.454196048043394
20260827_114114,1,0.2,0.8,-88.36,88.4,1.4454320030995738,-88.36,88.4,0.44543200309957376
20260827_114114,1,0.2,0.9,-86.54,86.60000000000001,1.4373001349677057,-86.54,86.60000000000001,0.4373001349677057
20260827_114114,1,0.2,1.0,-84.76,84.84,1.4291682668358376,-84.76,84.84,0.42916826683583764
20260827_114114,1,0.2,1.1,-83.02000000000001,83.12,1.4210363987039696,-83.02000000000001,83.12,0.4210363987039696
20260827_114114,1,0.2,1.2000000000000002,-81.32000000000001,81.44,1.4129045305721015,-81.32000000000001,81.44,0.4129045305721015
20260827_114114,1,0.2,1.3,-79.64,79.78,1.4053776488516714,-79.64,79.78,0.4053776488516714
20260827_114114,1,0.2,1.4000000000000001,-78.0,78.16,1.3978507671312412,-78.0,78.16,0.39785076713124123
20260827_114114,1,0.2,1.5,-76.4,76.58,1.390323885410811,-76.4,76.58,0.3903238854108111
20260827_114114,1,0.2,1.6,-74.84,75.02,1.382797003690381,-74.84,75.02,0.38279700369038094
20260827_114114,1,0.2,1.7000000000000002,-73.3,73.5,1.3758496352693284,-73.3,73.5,0.37584963526932835
20260827_114114,1,0.2,1.8,-71.8,72.0,1.3689022668482758,-71.8,72.0,0.36890226684827576
20260827_114114,1,0.2,1.9000000000000001,-70.32,70.54,1.3619548984272232,-70.32,70.54,0.36195489842722317
20260827_114114,1,0.2,2.0,-68.88,69.10000000000001,1.3550075300061706,-68.88,69.10000000000001,0.3550075300061706
20260827_114114,1,0.2,2.1,-67.46,67.7,1.348060161585118,-67.46,67.7,0.348060161585118
20260827_114114,1,0.2,2.2,-66.08,66.32000000000001,1.3416684090077984,-66.08,66.32000000000001,0.3416684090077984
20260827_114114,1,0.2,2.3000000000000003,-64.72,64.98,1.3352766564304788,-64.72,64.98,0.33527665643047877
20260827_114114,1,0.2,2.4000000000000004,-63.379999999999995,63.660000000000004,1.3288849038531592,-63.379999999999995,63.660000000000004,0.32888490385315916
20260827_114114,1,0.2,2.5,-62.08,62.38,1.3224931512758396,-62.08,62.38,0.32249315127583955
20260827_114114,1,0.2,2.6,-60.8,61.120000000000005,1.3166345654172538,-60.8,61.120000000000005,0.31663456541725377
20260827_114114,1,0.2,2.7,-59.54,59.88,1.310775979558668,-59.54,59.88,0.310775979558668
20260827_114114,1,0.2,2.8000000000000003,-58.32,58.660000000000004,1.3049173937000822,-58.32,58.660000000000004,0.3049173937000822
20260827_114114,1,0.2,2.9000000000000004,-57.12,57.480000000000004,1.2990588078414964,-57.12,57.480000000000004,0.2990588078414964
20260827_114114,1,0.2,3.0,-55.94,56.32000000000001,1.293712273188031,-55.94,56.32000000000001,0.29371227318803106
20260827_114114,1,0.2,3.1,-54.78,55.18000000000001,1.2883657385345657,-54.78,55.18000000000001,0.2883657385345657
20260827_114114,1,0.2,3.2,-53.660000000000004,54.06000000000001,1.2830192038811004,-53.660000000000004,54.06000000000001,0.28301920388110036
20260827_114114,1,0.2,3.3000000000000003,-52.56,52.96000000000001,1.277672669227635,-52.56,52.96000000000001,0.277672669227635
20260827_114114,1,0.2,3.4000000000000004,-51.480000000000004,51.88000000000001,1.2723261345741697,-51.480000000000004,51.88000000000001,0.27232613457416965
20260827_114114,1,0.2,3.5,-50.42,50.84000000000001,1.2674717656421308,-50.42,50.84000000000001,0.2674717656421308
20260827_114114,1,0.2,3.6,-49.38,49.82000000000001,1.262617396710092,-49.38,49.82000000000001,0.262617396710092
20260827_114114,1,0.2,3.7,-48.36,48.82000000000001,1.2577630277780532,-48.36,48.82000000000001,0.25776302777805316
20260827_114114,1,0.2,3.8000000000000003,-47.36,47.84000000000001,1.2529086588460143,-47.36,47.84000000000001,0.2529086588460143
20260827_114114,1,0.2,3.9000000000000004,-46.38,46.88000000000001,1.2480542899139755,-46.38,46.88000000000001,0.2480542899139755
20260827_114114,1,0.2,4.0,-45.42,45.94000000000001,1.2436733375330231,-45.42,45.94000000000001,0.24367333753302312
20260827_114114,1,0.2,4.1000000000000005,-44.480000000000004,45.02000000000001,1.2392923851520707,-44.480000000000004,45.02000000000001,0.23929238515207074
20260827_114114,1,0.2,4.2,-43.56,44.12000000000001,1.2349114327711184,-43.56,44.12000000000001,0.23491143277111837
20260827_114114,1,0.2,4.3,-42.660000000000004,43.22000000000001,1.230530480390166,-42.660000000000004,43.22000000000001,0.230530480390166
20260827_114114,1,0.2,4.4,-41.78,42.34000000000001,1.2261495280092136,-41.78,42.34000000000001,0.22614952800921362
20260827_114114,1,0.2,4.5,-40.92,41.48000000000001,1.2222242943643538,-40.92,41.48000000000001,0.22222429436435376
20260827_114114,1,0.2,4.6000000000000005,-40.08,40.64000000000001,1.218299060719494,-40.08,40.64000000000001,0.2182990607194939
20260827_114114,1,0.2,4.7,-39.26,39.82000000000001,1.214373827074634,-39.26,39.82000000000001,0.21437382707463404
20260827_114114,1,0.2,4.800000000000001,-38.44,39.02000000000001,1.2104485934297742,-38.44,39.02000000000001,0.21044859342977418
20260827_114114,1,0.2,4.9,-37.64,38.24000000000001,1.2065233597849143,-37.64,38.24000000000001,0.20652335978491432
20260827_114114,1,0.2,5.0,-36.86,37.46000000000001,1.2025981261400545,-36.86,37.46000000000001,0.20259812614005446
20260827_114114,1,0.2,5.1000000000000005,-36.1,36.70000000000001,1.1991118876079443,-36.1,36.70000000000001,0.1991118876079443
20260827_114114,1,0.2,5.2,-35.36,35.96000000000001,1.1956256490758341,-35.36,35.96000000000001,0.19562564907583413
20260827_114114,1,0.2,5.300000000000001,-34.62,35.24000000000001,1.192139410543724,-34.62,35.24000000000001,0.19213941054372397
20260827_114114,1,0.2,5.4,-33.9,34.540000000000006,1.1886531720116138,-33.9,34.540000000000006,0.1886531720116138
20260827_114114,1,0.2,5.5,-33.199999999999996,33.84,1.1851669334795036,-33.199999999999996,33.84,0.18516693347950364
20260827_114114,1,0.2,5.6000000000000005,-32.519999999999996,33.160000000000004,1.1816806949473935,-32.519999999999996,33.160000000000004,0.18168069494739347
20260827_114114,1,0.2,5.7,-31.839999999999996,32.5,1.1786176318843304,-31.839999999999996,32.5,0.17861763188433044
20260827_114114,1,0.2,5.800000000000001,-31.179999999999996,31.84,1.1755545688212674,-31.179999999999996,31.84,0.1755545688212674
20260827_114114,1,0.2,5.9,-30.539999999999996,31.2,1.1724915057582044,-30.539999999999996,31.2,0.17249150575820438
20260827_114114,1,0.2,6.0,-29.899999999999995,30.58,1.1694284426951413,-29.899999999999995,30.58,0.16942844269514135
20260827_114114,1,0.2,6.1000000000000005,-29.279999999999994,29.959999999999997,1.1663653796320783,-29.279999999999994,29.959999999999997,0.16636537963207831
20260827_114114,1,0.2,6.2,-28.679999999999993,29.359999999999996,1.1633023165690153,-28.679999999999993,29.359999999999996,0.16330231656901528
20260827_114114,1,0.2,6.300000000000001,-28.07999999999999,28.779999999999994,1.1602392535059523,-28.07999999999999,28.779999999999994,0.16023925350595225
20260827_114114,1,0.2,6.4,-27.499999999999993,28.199999999999996,1.1575843862493151,-27.499999999999993,28.199999999999996,0.15758438624931514
20260827_114114,1,0.2,6.5,-26.919999999999995,27.639999999999997,1.154929518992678,-26.919999999999995,27.639999999999997,0.15492951899267804
20260827_114114,1,0.2,6.6000000000000005,-26.359999999999996,27.08,1.152274651736041,-26.359999999999996,27.08,0.15227465173604093
20260827_114114,1,0.2,6.7,-25.819999999999997,26.54,1.1496197844794038,-25.819999999999997,26.54,0.14961978447940383
20260827_114114,1,0.2,6.800000000000001,-25.279999999999998,26.0,1.1469649172227667,-25.279999999999998,26.0,0.14696491722276672
20260827_114114,1,0.2,6.9,-24.759999999999998,25.48,1.1443100499661296,-24.759999999999998,25.48,0.14431004996612962
20260827_114114,1,0.2,7.0,-24.24,24.96,1.1416551827094925,-24.24,24.96,0.1416551827094925
20260827_114114,1,0.2,7.1000000000000005,-23.74,24.46,1.1390003154528554,-23.74,24.46,0.1390003154528554
20260827_114114,1,0.2,7.2,-23.24,23.98,1.136739445887638,-23.24,23.98,0.1367394458876381
20260827_114114,1,0.2,7.300000000000001,-22.759999999999998,23.5,1.1344785763224208,-22.759999999999998,23.5,0.13447857632242077
20260827_114114,1,0.2,7.4,-22.279999999999998,23.04,1.1322177067572035,-22.279999999999998,23.04,0.13221770675720346
20260827_114114,1,0.2,7.5,-21.819999999999997,22.58,1.1299568371919861,-21.819999999999997,22.58,0.12995683719198614
20260827_114114,1,0.2,7.6000000000000005,-21.359999999999996,22.119999999999997,1.1276959676267688,-21.359999999999996,22.119999999999997,0.12769596762676882
20260827_114114,1,0.2,7.7,-20.919999999999995,21.679999999999996,1.1254350980615515,-20.919999999999995,21.679999999999996,0.1254350980615515
20260827_114114,1,0.2,7.800000000000001,-20.479999999999993,21.239999999999995,1.1231742284963342,-20.479999999999993,21.239999999999995,0.12317422849633419
20260827_114114,1,0.2,7.9,-20.05999999999999,20.819999999999993,1.1209133589311169,-20.05999999999999,20.819999999999993,0.12091335893111688
20260827_114114,1,0.2,8.0,-19.63999999999999,20.39999999999999,1.1186524893658996,-19.63999999999999,20.39999999999999,0.11865248936589956
20260827_114114,1,0.2,8.1,-19.219999999999988,19.999999999999993,1.1167721474855576,-19.219999999999988,19.999999999999993,0.11677214748555764
20260827_114114,1,0.2,8.200000000000001,-18.81999999999999,19.599999999999994,1.1148918056052157,-18.81999999999999,19.599999999999994,0.11489180560521572
20260827_114114,1,0.2,8.3,-18.41999999999999,19.199999999999996,1.1130114637248738,-18.41999999999999,19.199999999999996,0.1130114637248738
20260827_114114,1,0.2,8.4,-18.039999999999992,18.819999999999997,1.1111311218445319,-18.039999999999992,18.819999999999997,0.11113112184453189
20260827_114114,1,0.2,8.5,-17.659999999999993,18.439999999999998,1.10925077996419,-17.659999999999993,18.439999999999998,0.10925077996418997
20260827_114114,1,0.2,8.6,-17.279999999999994,18.08,1.107370438083848,-17.279999999999994,18.08,0.10737043808384805
20260827_114114,1,0.2,8.700000000000001,-16.919999999999995,17.72,1.1054900962035061,-16.919999999999995,17.72,0.10549009620350613
20260827_114114,1,0.2,8.8,-16.559999999999995,17.36,1.1036097543231642,-16.559999999999995,17.36,0.10360975432316422
20260827_114114,1,0.2,8.9,-16.219999999999995,17.02,1.1017294124428223,-16.219999999999995,17.02,0.1017294124428223
20260827_114114,1,0.2,9.0,-15.879999999999995,16.68,1.0998490705624804,-15.879999999999995,16.68,0.09984907056248038
20260827_114114,1,0.2,9.1,-15.539999999999996,16.34,1.0983364655204635,-15.539999999999996,16.34,0.09833646552046349
20260827_114114,1,0.2,9.200000000000001,-15.219999999999995,16.02,1.0968238604784466,-15.219999999999995,16.02,0.0968238604784466
20260827_114114,1,0.2,9.3,-14.899999999999995,15.7,1.0953112554364297,-14.899999999999995,15.7,0.09531125543642971
20260827_114114,1,0.2,9.4,-14.579999999999995,15.379999999999999,1.0937986503944128,-14.579999999999995,15.379999999999999,0.09379865039441282
20260827_114114,1,0.2,9.5,-14.279999999999994,15.079999999999998,1.092286045352396,-14.279999999999994,15.079999999999998,0.09228604535239593
20260827_114114,1,0.2,9.600000000000001,-13.979999999999993,14.779999999999998,1.090773440310379,-13.979999999999993,14.779999999999998,0.09077344031037904
20260827_114114,1,0.2,9.700000000000001,-13.679999999999993,14.479999999999997,1.0892608352683621,-13.679999999999993,14.479999999999997,0.08926083526836215
20260827_114114,1,0.2,9.8,-13.399999999999993,14.199999999999998,1.0877482302263453,-13.399999999999993,14.199999999999998,0.08774823022634526
20260827_114114,1,0.2,9.9,-13.119999999999994,13.919999999999998,1.0862356251843284,-13.119999999999994,13.919999999999998,0.08623562518432837
20260827_114114,1,0.2,10.0,-12.839999999999995,13.639999999999999,1.0847230201423115,-12.839999999999995,13.639999999999999,0.08472302014231148
20260827_114114,1,0.2,10.100000000000001,-12.559999999999995,13.379999999999999,1.0832104151002946,-12.559999999999995,13.379999999999999,0.08321041510029459
20260827_114114,1,0.2,10.200000000000001,-12.299999999999995,13.12,1.082053390306906,-12.299999999999995,13.12,0.08205339030690606
20260827_114114,1,0.2,10.3,-12.039999999999996,12.86,1.0808963655135175,-12.039999999999996,12.86,0.08089636551351753
20260827_114114,1,0.2,10.4,-11.779999999999996,12.6,1.079739340720129,-11.779999999999996,12.6,0.079739340720129
20260827_114114,1,0.2,10.5,-11.519999999999996,12.36,1.0785823159267405,-11.519999999999996,12.36,0.07858231592674048
20260827_114114,1,0.2,10.600000000000001,-11.279999999999996,12.12,1.077425291133352,-11.279999999999996,12.12,0.07742529113335195
20260827_114114,1,0.2,10.700000000000001,-11.039999999999996,11.879999999999999,1.0762682663399634,-11.039999999999996,11.879999999999999,0.07626826633996342
20260827_114114,1,0.2,10.8,-10.799999999999995,11.639999999999999,1.075111241546575,-10.799999999999995,11.639999999999999,0.07511124154657489
20260827_114114,1,0.2,10.9,-10.559999999999995,11.419999999999998,1.0739542167531864,-10.559999999999995,11.419999999999998,0.07395421675318636
20260827_114114,1,0.2,11.0,-10.339999999999995,11.199999999999998,1.0727971919597978,-10.339999999999995,11.199999999999998,0.07279719195979784
20260827_114114,1,0.2,11.100000000000001,-10.119999999999994,10.979999999999997,1.0716401671664093,-10.119999999999994,10.979999999999997,0.07164016716640931
20260827_114114,1,0.2,11.200000000000001,-9.899999999999993,10.759999999999996,1.0704831423730208,-9.899999999999993,10.759999999999996,0.07048314237302078
20260827_114114,1,0.2,11.3,-9.679999999999993,10.559999999999997,1.0693261175796323,-9.679999999999993,10.559999999999997,0.06932611757963225
20260827_114114,1,0.2,11.4,-9.479999999999993,10.359999999999998,1.0681690927862437,-9.479999999999993,10.359999999999998,0.06816909278624372
20260827_114114,1,0.2,11.5,-9.279999999999994,10.159999999999998,1.0670120679928552,-9.279999999999994,10.159999999999998,0.0670120679928552
20260827_114114,1,0.2,11.600000000000001,-9.079999999999995,9.959999999999999,1.0658550431994667,-9.079999999999995,9.959999999999999,0.06585504319946667
20260827_114114,1,0.2,11.700000000000001,-8.879999999999995,9.76,1.0646980184060781,-8.879999999999995,9.76,0.06469801840607814
20260827_114114,1,0.2,11.8,-8.679999999999996,9.58,1.063885010275997,-8.679999999999996,9.58,0.06388501027599691
20260827_114114,1,0.2,11.9,-8.499999999999996,9.4,1.0630720021459157,-8.499999999999996,9.4,0.06307200214591568
20260827_114114,1,0.2,12.0,-8.319999999999997,9.22,1.0622589940158345,-8.319999999999997,9.22,0.06225899401583446
20260827_114114,1,0.2,12.100000000000001,-8.139999999999997,9.040000000000001,1.0614459858857532,-8.139999999999997,9.040000000000001,0.06144598588575323
20260827_114114,1,0.2,12.200000000000001,-7.959999999999997,8.860000000000001,1.060632977755672,-7.959999999999997,8.860000000000001,0.060632977755672
20260827_114114,1,0.2,12.3,-7.779999999999998,8.680000000000001,1.0598199696255908,-7.779999999999998,8.680000000000001,0.059819969625590774
20260827_114114,1,0.2,12.4,-7.619999999999997,8.520000000000001,1.0590069614955095,-7.619999999999997,8.520000000000001,0.05900696149550955
20260827_114114,1,0.2,12.5,-7.459999999999997,8.360000000000001,1.0581939533654283,-7.459999999999997,8.360000000000001,0.05819395336542832
20260827_114114,1,0.2,12.600000000000001,-7.299999999999997,8.200000000000001,1.057380945235347,-7.299999999999997,8.200000000000001,0.05738094523534709
20260827_114114,1,0.2,12.700000000000001,-7.139999999999997,8.040000000000001,1.0565679371052659,-7.139999999999997,8.040000000000001,0.056567937105265864
20260827_114114,1,0.2,12.8,-6.979999999999997,7.880000000000001,1.0557549289751846,-6.979999999999997,7.880000000000001,0.05575492897518464
20260827_114114,1,0.2,12.9,-6.819999999999997,7.720000000000001,1.0549419208451034,-6.819999999999997,7.720000000000001,0.05494192084510341
20260827_114114,1,0.2,13.0,-6.679999999999997,7.580000000000001,1.0541289127150222,-6.679999999999997,7.580000000000001,0.05412891271502218
20260827_114114,1,0.2,13.100000000000001,-6.539999999999997,7.440000000000001,1.053315904584941,-6.539999999999997,7.440000000000001,0.053315904584940954
20260827_114114,1,0.2,13.200000000000001,-6.399999999999998,7.300000000000002,1.0525028964548597,-6.399999999999998,7.300000000000002,0.05250289645485973
20260827_114114,1,0.2,13.3,-6.259999999999998,7.160000000000002,1.0516898883247785,-6.259999999999998,7.160000000000002,0.0516898883247785
20260827_114114,1,0.2,13.4,-6.119999999999998,7.020000000000002,1.0508768801946973,-6.119999999999998,7.020000000000002,0.05087688019469727
20260827_114114,1,0.2,13.5,-5.979999999999999,6.880000000000003,1.050063872064616,-5.979999999999999,6.880000000000003,0.050063872064616044
20260827_114114,1,0.2,13.600000000000001,-5.839999999999999,6.740000000000003,1.0492508639345348,-5.839999999999999,6.740000000000003,0.049250863934534816
20260827_114114,1,0.2,13.700000000000001,-5.719999999999999,6.620000000000003,1.0484378558044536,-5.719999999999999,6.620000000000003,0.04843785580445359
20260827_114114,1,0.2,13.8,-5.599999999999999,6.500000000000003,1.0476248476743724,-5.599999999999999,6.500000000000003,0.04762484767437236
20260827_114114,1,0.2,13.9,-5.479999999999999,6.380000000000003,1.0471448476743723,-5.479999999999999,6.380000000000003,0.047144847674372325
20260827_114114,1,0.2,14.0,-5.3599999999999985,6.2600000000000025,1.0466648476743723,-5.3599999999999985,6.2600000000000025,0.04666484767437229
20260827_114114,1,0.2,14.100000000000001,-5.239999999999998,6.140000000000002,1.0461848476743723,-5.239999999999998,6.140000000000002,0.046184847674372254
20260827_114114,1,0.2,14.200000000000001,-5.119999999999998,6.020000000000002,1.0457048476743722,-5.119999999999998,6.020000000000002,0.04570484767437222
20260827_114114,1,0.2,14.3,-4.999999999999998,5.900000000000002,1.0452248476743722,-4.999999999999998,5.900000000000002,0.04522484767437218
20260827_114114,1,0.2,14.4,-4.879999999999998,5.780000000000002,1.0447448476743721,-4.879999999999998,5.780000000000002,0.044744847674372146
20260827_114114,1,0.2,14.5,-4.759999999999998,5.660000000000002,1.044264847674372,-4.759999999999998,5.660000000000002,0.04426484767437211
20260827_114114,1,0.2,14.600000000000001,-4.639999999999998,5.540000000000002,1.043784847674372,-4.639999999999998,5.540000000000002,0.043784847674372074
20260827_114114,1,0.2,14.700000000000001,-4.519999999999998,5.420000000000002,1.043304847674372,-4.519999999999998,5.420000000000002,0.04330484767437204
20260827_114114,1,0.2,14.8,-4.399999999999998,5.300000000000002,1.042824847674372,-4.399999999999998,5.300000000000002,0.042824847674372
20260827_114114,1,0.2,14.9,-4.279999999999998,5.1800000000000015,1.042344847674372,-4.279999999999998,5.1800000000000015,0.042344847674371966
20260827_114114,1,0.2,15.0,-4.1599999999999975,5.060000000000001,1.041864847674372,-4.1599999999999975,5.060000000000001,0.04186484767437193
20260827_114114,1,0.2,15.100000000000001,-4.039999999999997,4.940000000000001,1.041384847674372,-4.039999999999997,4.940000000000001,0.041384847674371894
20260827_114114,1,0.2,15.200000000000001,-3.9199999999999973,4.820000000000001,1.0409048476743719,-3.9199999999999973,4.820000000000001,0.04090484767437186
20260827_114114,1,0.2,15.3,-3.799999999999997,4.700000000000001,1.0404248476743718,-3.799999999999997,4.700000000000001,0.04042484767437182
20260827_114114,1,0.2,15.4,-3.679999999999997,4.580000000000001,1.0399448476743718,-3.679999999999997,4.580000000000001,0.039944847674371786
20260827_114114,1,0.2,15.5,-3.559999999999997,4.460000000000001,1.0394648476743718,-3.559999999999997,4.460000000000001,0.03946484767437175
20260827_114114,1,0.2,15.600000000000001,-3.439999999999997,4.340000000000001,1.0389848476743717,-3.439999999999997,4.340000000000001,0.038984847674371714
20260827_114114,1,0.2,15.700000000000001,-3.3199999999999967,4.220000000000001,1.0385048476743717,-3.3199999999999967,4.220000000000001,0.03850484767437168
20260827_114114,1,0.2,15.8,-3.1999999999999966,4.1000000000000005,1.0380248476743716,-3.1999999999999966,4.1000000000000005,0.03802484767437164
20260827_114114,1,0.2,15.9,-3.0799999999999965,3.9800000000000004,1.0375448476743716,-3.0799999999999965,3.9800000000000004,0.037544847674371606
20260827_114114,1,0.2,16.0,-2.9599999999999964,3.8600000000000003,1.0370648476743716,-2.9599999999999964,3.8600000000000003,0.03706484767437157
20260827_114114,1,0.2,16.1,-2.8399999999999963,3.74,1.0365848476743715,-2.8399999999999963,3.74,0.036584847674371535
20260827_114114,1,0.2,16.2,-2.719999999999996,3.62,1.0361048476743715,-2.719999999999996,3.62,0.0361048476743715
20260827_114114,1,0.2,16.3,-2.599999999999996,3.5,1.0356248476743715,-2.599999999999996,3.5,0.03562484767437146
20260827_114114,1,0.2,16.400000000000002,-2.479999999999996,3.38,1.0351448476743714,-2.479999999999996,3.38,0.03514484767437143
20260827_114114,1,0.2,16.5,-2.359999999999996,3.26,1.0346648476743714,-2.359999999999996,3.26,0.03466484767437139
20260827_114114,1,0.2,16.6,-2.2399999999999958,3.1399999999999997,1.0341848476743714,-2.2399999999999958,3.1399999999999997,0.034184847674371355
20260827_114114,1,0.2,16.7,-2.1199999999999957,3.0199999999999996,1.0337048476743713,-2.1199999999999957,3.0199999999999996,0.03370484767437132
20260827_114114,1,0.2,16.8,-1.9999999999999956,2.8999999999999995,1.0332248476743713,-1.9999999999999956,2.8999999999999995,0.03322484767437128
20260827_114114,1,0.2,16.900000000000002,-1.8799999999999955,2.7799999999999994,1.0327448476743712,-1.8799999999999955,2.7799999999999994,0.03274484767437125
20260827_114114,1,0.2,17.0,-1.7599999999999953,2.6599999999999993,1.0322648476743712,-1.7599999999999953,2.6599999999999993,0.03226484767437121
20260827_114114,1,0.2,17.1,-1.6399999999999952,2.539999999999999,1.0317848476743712,-1.6399999999999952,2.539999999999999,0.031784847674371175
20260827_114114,1,0.2,17.2,-1.5199999999999951,2.419999999999999,1.0313048476743711,-1.5199999999999951,2.419999999999999,0.03130484767437114
20260827_114114,1,0.2,17.3,-1.399999999999995,2.299999999999999,1.030824847674371,-1.399999999999995,2.299999999999999,0.030824847674371103
20260827_114114,1,0.2,17.400000000000002,-1.279999999999995,2.179999999999999,1.030344847674371,-1.279999999999995,2.179999999999999,0.030344847674371067
20260827_114114,1,0.2,17.5,-1.1599999999999948,2.0599999999999987,1.029864847674371,-1.1599999999999948,2.0599999999999987,0.02986484767437103
20260827_114114,1,0.2,17.6,-1.0399999999999947,1.9399999999999986,1.029384847674371,-1.0399999999999947,1.9399999999999986,0.029384847674370995
20260827_114114,1,0.2,17.7,-0.9199999999999947,1.8199999999999985,1.028904847674371,-0.9199999999999947,1.8199999999999985,0.02890484767437096
20260827_114114,1,0.2,17.8,-0.7999999999999947,1.6999999999999984,1.028424847674371,-0.7999999999999947,1.6999999999999984,0.028424847674370923
20260827_114114,1,0.2,17.900000000000002,-0.6799999999999947,1.5799999999999983,1.0279448476743709,-0.6799999999999947,1.5799999999999983,0.027944847674370887
20260827_114114,1,0.2,18.0,-0.5599999999999947,1.4599999999999982,1.0274648476743709,-0.5599999999999947,1.4599999999999982,0.02746484767437085
20260827_114114,1,0.2,18.1,-0.43999999999999473,1.339999999999998,1.0269848476743708,-0.43999999999999473,1.339999999999998,0.026984847674370815
20260827_114114,1,0.2,18.2,-0.31999999999999473,1.219999999999998,1.0265048476743708,-0.31999999999999473,1.219999999999998,0.02650484767437078
20260827_114114,1,0.2,18.3,-0.1999999999999947,1.0999999999999979,1.0260248476743707,-0.1999999999999947,1.0999999999999979,0.026024847674370744
20260827_114114,1,0.2,18.400000000000002,-0.07999999999999469,0.9799999999999979,1.0255448476743707,-0.07999999999999469,0.9799999999999979,0.025544847674370708
20260827_114234,1,0.2,0.1,-100.0,100.0,1.5,-100.0,100.0,0.5
20260827_114234,1,0.2,0.2,-100.0,100.0,1.5,-100.0,100.0,0.5
20260827_114234,1,0.2,0.30000000000000004,-100.0,100.0,1.5,-100.0,100.0,0.5
20260827_114234,1,0.2,0.4,-98.0,98.0,1.4905747126436781,-98.0,98.0,0.49057471264367813
20260827_114234,1,0.2,0.5,-96.04,96.04,1.4811494252873563,-96.04,96.04,0.48114942528735627
20260827_114234,1,0.2,0.6000000000000001,-94.10000000000001,94.12,1.472385380343536,-94.10000000000001,94.12,0.47238538034353605
20260827_114234,1,0.2,0.7000000000000001,-92.2,92.24000000000001,1.4636213353997158,-92.2,92.24000000000001,0.46362133539971584
20260827_114234,1,0.2,0.8,-90.34,90.4,1.4548572904558956,-90.34,90.4,0.4548572904558956
20260827_114234,1,0.2,0.9,-88.52000000000001,88.60000000000001,1.4460932455120754,-88.52000000000001,88.60000000000001,0.4460932455120754
20260827_114234,1,0.2,1.0,-86.74000000000001,86.84,1.4379613773802074,-86.74000000000001,86.84,0.43796137738020735
20260827_114234,1,0.2,1.1,-85.00000000000001,85.12,1.4298295092483393,-85.00000000000001,85.12,0.4298295092483393
20260827_114234,1,0.2,1.2000000000000002,-83.30000000000001,83.42,1.4216976411164712,-83.30000000000001,83.42,0.42169764111647123
20260827_114234,1,0.2,1.3,-81.62,81.76,1.414170759396041,-81.62,81.76,0.4141707593960411
20260827_114234,1,0.2,1.4000000000000001,-79.98,80.14,1.406643877675611,-79.98,80.14,0.40664387767561094
20260827_114234,1,0.2,1.5,-78.38000000000001,78.54,1.3991169959551808,-78.38000000000001,78.54,0.3991169959551808
20260827_114234,1,0.2,1.6,-76.80000000000001,76.98,1.3915901142347507,-76.80000000000001,76.98,0.39159011423475065
20260827_114234,1,0.2,1.7000000000000002,-75.26,75.46000000000001,1.3840632325143205,-75.26,75.46000000000001,0.3840632325143205
20260827_114234,1,0.2,1.8,-73.74000000000001,73.96000000000001,1.377115864093268,-73.74000000000001,73.96000000000001,0.3771158640932679
20260827_114234,1,0.2,1.9000000000000001,-72.26,72.50000000000001,1.3701684956722153,-72.26,72.50000000000001,0.3701684956722153
20260827_114234,1,0.2,2.0,-70.80000000000001,71.06000000000002,1.3632211272511627,-70.80000000000001,71.06000000000002,0.36322112725116273
20260827_114234,1,0.2,2.1,-69.38000000000001,69.64000000000001,1.3562737588301101,-69.38000000000001,69.64000000000001,0.35627375883011014
20260827_114234,1,0.2,2.2,-67.98,68.26000000000002,1.3498820062527905,-67.98,68.26000000000002,0.34988200625279053
20260827_114234,1,0.2,2.3000000000000003,-66.62,66.90000000000002,1.343490253675471,-66.62,66.90000000000002,0.3434902536754709
20260827_114234,1,0.2,2.4000000000000004,-65.28,65.58000000000001,1.3370985010981513,-65.28,65.58000000000001,0.3370985010981513
20260827_114234,1,0.2,2.5,-63.96,64.28000000000002,1.3307067485208317,-63.96,64.28000000000002,0.3307067485208317
20260827_114234,1,0.2,2.6,-62.68,63.000000000000014,1.324848162662246,-62.68,63.000000000000014,0.3248481626622459
20260827_114234,1,0.2,2.7,-61.42,61.740000000000016,1.3189895768036601,-61.42,61.740000000000016,0.31898957680366014
20260827_114234,1,0.2,2.8000000000000003,-60.18,60.52000000000002,1.3131309909450744,-60.18,60.52000000000002,0.31313099094507435
20260827_114234,1,0.2,2.9000000000000004,-58.96,59.320000000000014,1.3072724050864886,-58.96,59.320000000000014,0.30727240508648856
20260827_114234,1,0.2,3.0,-57.78,58.140000000000015,1.3014138192279028,-57.78,58.140000000000015,0.3014138192279028
20260827_114234,1,0.2,3.1,-56.620000000000005,56.98000000000002,1.2960672845744374,-56.620000000000005,56.98000000000002,0.29606728457443743
20260827_114234,1,0.2,3.2,-55.480000000000004,55.86000000000002,1.290720749920972,-55.480000000000004,55.86000000000002,0.2907207499209721
20260827_114234,1,0.2,3.3000000000000003,-54.36000000000001,54.76000000000002,1.2853742152675067,-54.36000000000001,54.76000000000002,0.2853742152675067
20260827_114234,1,0.2,3.4000000000000004,-53.260000000000005,53.68000000000002,1.2800276806140414,-53.260000000000005,53.68000000000002,0.2800276806140414
20260827_114234,1,0.2,3.5,-52.18000000000001,52.62000000000002,1.274681145960576,-52.18000000000001,52.62000000000002,0.274681145960576
20260827_114234,1,0.2,3.6,-51.120000000000005,51.58000000000002,1.2698267770285372,-51.120000000000005,51.58000000000002,0.2698267770285372
20260827_114234,1,0.2,3.7,-50.080000000000005,50.56000000000002,1.2649724080964984,-50.080000000000005,50.56000000000002,0.26497240809649836
20260827_114234,1,0.2,3.8000000000000003,-49.06,49.56000000000002,1.2601180391644595,-49.06,49.56000000000002,0.2601180391644595
20260827_114234,1,0.2,3.9000000000000004,-48.06,48.58000000000002,1.2552636702324207,-48.06,48.58000000000002,0.2552636702324207
20260827_114234,1,0.2,4.0,-47.080000000000005,47.62000000000002,1.2504093013003819,-47.080000000000005,47.62000000000002,0.25040930130038186
20260827_114234,1,0.2,4.1000000000000005,-46.120000000000005,46.68000000000002,1.2460283489194295,-46.120000000000005,46.68000000000002,0.24602834891942948
20260827_114234,1,0.2,4.2,-45.18000000000001,45.76000000000002,1.241647396538477,-45.18000000000001,45.76000000000002,0.2416473965384771
20260827_114234,1,0.2,4.3,-44.260000000000005,44.86000000000002,1.2372664441575247,-44.260000000000005,44.86000000000002,0.23726644415752474
20260827_114234,1,0.2,4.4,-43.36000000000001,43.98000000000002,1.2328854917765724,-43.36000000000001,43.98000000000002,0.23288549177657236
20260827_114234,1,0.2,4.5,-42.480000000000004,43.12000000000002,1.22850453939562,-42.480000000000004,43.12000000000002,0.22850453939562
20260827_114234,1,0.2,4.6000000000000005,-41.620000000000005,42.26000000000002,1.2245793057507601,-41.620000000000005,42.26000000000002,0.22457930575076013
20260827_114234,1,0.2,4.7,-40.78,41.420000000000016,1.2206540721059003,-40.78,41.420000000000016,0.22065407210590027
20260827_114234,1,0.2,4.800000000000001,-39.96,40.600000000000016,1.2167288384610404,-39.96,40.600000000000016,0.2167288384610404
20260827_114234,1,0.2,4.9,-39.160000000000004,39.80000000000002,1.2128036048161805,-39.160000000000004,39.80000000000002,0.21280360481618055
20260827_114234,1,0.2,5.0,-38.36000000000001,39.02000000000002,1.2088783711713207,-38.36000000000001,39.02000000000002,0.2088783711713207
20260827_114234,1,0.2,5.1000000000000005,-37.580000000000005,38.240000000000016,1.2049531375264608,-37.580000000000005,38.240000000000016,0.20495313752646083
20260827_114234,1,0.2,5.2,-36.82000000000001,37.48000000000002,1.2014668989943507,-36.82000000000001,37.48000000000002,0.20146689899435066
20260827_114234,1,0.2,5.300000000000001,-36.080000000000005,36.740000000000016,1.1979806604622405,-36.080000000000005,36.740000000000016,0.1979806604622405
20260827_114234,1,0.2,5.4,-35.34,36.02000000000002,1.1944944219301303,-35.34,36.02000000000002,0.19449442193013033
20260827_114234,1,0.2,5.5,-34.620000000000005,35.30000000000002,1.1910081833980202,-34.620000000000005,35.30000000000002,0.19100818339802017
20260827_114234,1,0.2,5.6000000000000005,-33.92,34.600000000000016,1.18752194486591,-33.92,34.600000000000016,0.18752194486591
20260827_114234,1,0.2,5.7,-33.24,33.920000000000016,1.1840357063337998,-33.24,33.920000000000016,0.18403570633379984
20260827_114234,1,0.2,5.800000000000001,-32.56,33.26000000000002,1.1809726432707368,-32.56,33.26000000000002,0.1809726432707368
20260827_114234,1,0.2,5.9,-31.900000000000002,32.60000000000002,1.1779095802076738,-31.900000000000002,32.60000000000002,0.17790958020767378
20260827_114234,1,0.2,6.0,-31.26,31.960000000000022,1.1748465171446107,-31.26,31.960000000000022,0.17484651714461075
20260827_114234,1,0.2,6.1000000000000005,-30.62,31.34000000000002,1.1717834540815477,-30.62,31.34000000000002,0.17178345408154772
20260827_114234,1,0.2,6.2,-30.0,30.72000000000002,1.1687203910184847,-30.0,30.72000000000002,0.16872039101848468
20260827_114234,1,0.2,6.300000000000001,-29.4,30.12000000000002,1.1656573279554217,-29.4,30.12000000000002,0.16565732795542165
20260827_114234,1,0.2,6.4,-28.799999999999997,29.520000000000017,1.1625942648923586,-28.799999999999997,29.520000000000017,0.16259426489235862
20260827_114234,1,0.2,6.5,-28.22,28.94000000000002,1.1599393976357215,-28.22,28.94000000000002,0.15993939763572151
20260827_114234,1,0.2,6.6000000000000005,-27.64,28.38000000000002,1.1572845303790844,-27.64,28.38000000000002,0.1572845303790844
20260827_114234,1,0.2,6.7,-27.080000000000002,27.82000000000002,1.1546296631224473,-27.080000000000002,27.82000000000002,0.1546296631224473
20260827_114234,1,0.2,6.800000000000001,-26.520000000000003,27.280000000000022,1.1519747958658102,-26.520000000000003,27.280000000000022,0.1519747958658102
20260827_114234,1,0.2,6.9,-25.980000000000004,26.740000000000023,1.149319928609173,-25.980000000000004,26.740000000000023,0.1493199286091731
20260827_114234,1,0.2,7.0,-25.460000000000004,26.220000000000024,1.146665061352536,-25.460000000000004,26.220000000000024,0.14666506135253599
20260827_114234,1,0.2,7.1000000000000005,-24.940000000000005,25.700000000000024,1.1440101940958989,-24.940000000000005,25.700000000000024,0.14401019409589888
20260827_114234,1,0.2,7.2,-24.440000000000005,25.200000000000024,1.1413553268392618,-24.440000000000005,25.200000000000024,0.14135532683926177
20260827_114234,1,0.2,7.300000000000001,-23.940000000000005,24.700000000000024,1.1390944572740445,-23.940000000000005,24.700000000000024,0.13909445727404446
20260827_114234,1,0.2,7.4,-23.460000000000004,24.220000000000024,1.1368335877088271,-23.460000000000004,24.220000000000024,0.13683358770882714
20260827_114234,1,0.2,7.5,-22.980000000000004,23.740000000000023,1.1345727181436098,-22.980000000000004,23.740000000000023,0.13457271814360983
20260827_114234,1,0.2,7.6000000000000005,-22.520000000000003,23.280000000000022,1.1323118485783925,-22.520000000000003,23.280000000000022,0.1323118485783925
20260827_114234,1,0.2,7.7,-22.060000000000002,22.82000000000002,1.1300509790131752,-22.060000000000002,22.82000000000002,0.1300509790131752
20260827_114234,1,0.2,7.800000000000001,-21.6,22.38000000000002,1.1277901094479579,-21.6,22.38000000000002,0.12779010944795788
20260827_114234,1,0.2,7.9,-21.16,21.94000000000002,1.1255292398827406,-21.16,21.94000000000002,0.12552923988274056
20260827_114234,1,0.2,8.0,-20.72,21.520000000000017,1.1232683703175232,-20.72,21.520000000000017,0.12326837031752325
20260827_114234,1,0.2,8.1,-20.299999999999997,21.100000000000016,1.121007500752306,-20.299999999999997,21.100000000000016,0.12100750075230593
20260827_114234,1,0.2,8.200000000000001,-19.879999999999995,20.680000000000014,1.119127158871964,-19.879999999999995,20.680000000000014,0.11912715887196401
20260827_114234,1,0.2,8.3,-19.479999999999997,20.280000000000015,1.117246816991622,-19.479999999999997,20.280000000000015,0.1172468169916221
20260827_114234,1,0.2,8.4,-19.08,19.880000000000017,1.1153664751112802,-19.08,19.880000000000017,0.11536647511128018
20260827_114234,1,0.2,8.5,-18.68,19.500000000000018,1.1134861332309383,-18.68,19.500000000000018,0.11348613323093826
20260827_114234,1,0.2,8.6,-18.3,19.12000000000002,1.1116057913505963,-18.3,19.12000000000002,0.11160579135059634
20260827_114234,1,0.2,8.700000000000001,-17.92,18.74000000000002,1.1097254494702544,-17.92,18.74000000000002,0.10972544947025442
20260827_114234,1,0.2,8.8,-17.560000000000002,18.38000000000002,1.1078451075899125,-17.560000000000002,18.38000000000002,0.1078451075899125
20260827_114234,1,0.2,8.9,-17.200000000000003,18.02000000000002,1.1059647657095706,-17.200000000000003,18.02000000000002,0.10596476570957059
20260827_114234,1,0.2,9.0,-16.840000000000003,17.66000000000002,1.1040844238292287,-16.840000000000003,17.66000000000002,0.10408442382922867
20260827_114234,1,0.2,9.1,-16.500000000000004,17.32000000000002,1.1022040819488867,-16.500000000000004,17.32000000000002,0.10220408194888675
20260827_114234,1,0.2,9.200000000000001,-16.160000000000004,16.98000000000002,1.1006914769068699,-16.160000000000004,16.98000000000002,0.10069147690686986
20260827_114234,1,0.2,9.3,-15.820000000000004,16.66000000000002,1.099178871864853,-15.820000000000004,16.66000000000002,0.09917887186485297
20260827_114234,1,0.2,9.4,-15.500000000000004,16.34000000000002,1.097666266822836,-15.500000000000004,16.34000000000002,0.09766626682283608
20260827_114234,1,0.2,9.5,-15.180000000000003,16.02000000000002,1.0961536617808192,-15.180000000000003,16.02000000000002,0.09615366178081919
20260827_114234,1,0.2,9.600000000000001,-14.860000000000003,15.70000000000002,1.0946410567388023,-14.860000000000003,15.70000000000002,0.0946410567388023
20260827_114234,1,0.2,9.700000000000001,-14.560000000000002,15.40000000000002,1.0931284516967854,-14.560000000000002,15.40000000000002,0.09312845169678541
20260827_114234,1,0.2,9.8,-14.260000000000002,15.10000000000002,1.0916158466547685,-14.260000000000002,15.10000000000002,0.09161584665476852
20260827_114234,1,0.2,9.9,-13.96,14.800000000000018,1.0901032416127516,-13.96,14.800000000000018,0.09010324161275163
20260827_114234,1,0.2,10.0,-13.680000000000001,14.52000000000002,1.0885906365707347,-13.680000000000001,14.52000000000002,0.08859063657073474
20260827_114234,1,0.2,10.100000000000001,-13.400000000000002,14.24000000000002,1.0870780315287178,-13.400000000000002,14.24000000000002,0.08707803152871785
20260827_114234,1,0.2,10.200000000000001,-13.120000000000003,13.96000000000002,1.085565426486701,-13.120000000000003,13.96000000000002,0.08556542648670096
20260827_114234,1,0.2,10.3,-12.840000000000003,13.70000000000002,1.084052821444684,-12.840000000000003,13.70000000000002,0.08405282144468407
20260827_114234,1,0.2,10.4,-12.580000000000004,13.44000000000002,1.0828957966512955,-12.580000000000004,13.44000000000002,0.08289579665129554
20260827_114234,1,0.2,10.5,-12.320000000000004,13.180000000000021,1.081738771857907,-12.320000000000004,13.180000000000021,0.08173877185790701
20260827_114234,1,0.2,10.600000000000001,-12.060000000000004,12.920000000000021,1.0805817470645185,-12.060000000000004,12.920000000000021,0.08058174706451848
20260827_114234,1,0.2,10.700000000000001,-11.800000000000004,12.680000000000021,1.07942472227113,-11.800000000000004,12.680000000000021,0.07942472227112995
20260827_114234,1,0.2,10.8,-11.560000000000004,12.44000000000002,1.0782676974777414,-11.560000000000004,12.44000000000002,0.07826769747774143
20260827_114234,1,0.2,10.9,-11.320000000000004,12.20000000000002,1.077110672684353,-11.320000000000004,12.20000000000002,0.0771106726843529
20260827_114234,1,0.2,11.0,-11.080000000000004,11.96000000000002,1.0759536478909644,-11.080000000000004,11.96000000000002,0.07595364789096437
20260827_114234,1,0.2,11.100000000000001,-10.840000000000003,11.74000000000002,1.0747966230975758,-10.840000000000003,11.74000000000002,0.07479662309757584
20260827_114234,1,0.2,11.200000000000001,-10.620000000000003,11.52000000000002,1.0736395983041873,-10.620000000000003,11.52000000000002,0.07363959830418731
20260827_114234,1,0.2,11.3,-10.400000000000002,11.300000000000018,1.0724825735107988,-10.400000000000002,11.300000000000018,0.07248257351079879
20260827_114234,1,0.2,11.4,-10.180000000000001,11.080000000000018,1.0713255487174103,-10.180000000000001,11.080000000000018,0.07132554871741026
20260827_114234,1,0.2,11.5,-9.96,10.860000000000017,1.0701685239240217,-9.96,10.860000000000017,0.07016852392402173
20260827_114234,1,0.2,11.600000000000001,-9.760000000000002,10.660000000000018,1.0690114991306332,-9.760000000000002,10.660000000000018,0.0690114991306332
20260827_114234,1,0.2,11.700000000000001,-9.560000000000002,10.460000000000019,1.0678544743372447,-9.560000000000002,10.460000000000019,0.06785447433724467
20260827_114234,1,0.2,11.8,-9.360000000000003,10.26000000000002,1.0666974495438561,-9.360000000000003,10.26000000000002,0.06669744954385615
20260827_114234,1,0.2,11.9,-9.160000000000004,10.06000000000002,1.0655404247504676,-9.160000000000004,10.06000000000002,0.06554042475046762
20260827_114234,1,0.2,12.0,-8.960000000000004,9.86000000000002,1.0647274166203864,-8.960000000000004,9.86000000000002,0.06472741662038639
20260827_114234,1,0.2,12.100000000000001,-8.780000000000005,9.680000000000021,1.0639144084903052,-8.780000000000005,9.680000000000021,0.06391440849030516
20260827_114234,1,0.2,12.200000000000001,-8.600000000000005,9.500000000000021,1.063101400360224,-8.600000000000005,9.500000000000021,0.06310140036022394
20260827_114234,1,0.2,12.3,-8.420000000000005,9.320000000000022,1.0622883922301427,-8.420000000000005,9.320000000000022,0.06228839223014271
20260827_114234,1,0.2,12.4,-8.240000000000006,9.140000000000022,1.0614753841000615,-8.240000000000006,9.140000000000022,0.06147538410006148
20260827_114234,1,0.2,12.5,-8.060000000000006,8.960000000000022,1.0606623759699803,-8.060000000000006,8.960000000000022,0.06066237596998025
20260827_114234,1,0.2,12.600000000000001,-7.880000000000006,8.800000000000022,1.059849367839899,-7.880000000000006,8.800000000000022,0.059849367839899026
20260827_114234,1,0.2,12.700000000000001,-7.720000000000006,8.640000000000022,1.0590363597098178,-7.720000000000006,8.640000000000022,0.0590363597098178
20260827_114234,1,0.2,12.8,-7.560000000000006,8.480000000000022,1.0582233515797366,-7.560000000000006,8.480000000000022,0.05822335157973657
20260827_114234,1,0.2,12.9,-7.400000000000006,8.320000000000022,1.0574103434496553,-7.400000000000006,8.320000000000022,0.05741034344965534
20260827_114234,1,0.2,13.0,-7.2400000000000055,8.160000000000021,1.0565973353195741,-7.2400000000000055,8.160000000000021,0.056597335319574116
20260827_114234,1,0.2,13.100000000000001,-7.080000000000005,8.000000000000021,1.0557843271894929,-7.080000000000005,8.000000000000021,0.05578432718949289
20260827_114234,1,0.2,13.200000000000001,-6.920000000000005,7.840000000000021,1.0549713190594117,-6.920000000000005,7.840000000000021,0.05497131905941166
20260827_114234,1,0.2,13.3,-6.780000000000006,7.7000000000000215,1.0541583109293304,-6.780000000000006,7.7000000000000215,0.05415831092933043
20260827_114234,1,0.2,13.4,-6.640000000000006,7.560000000000022,1.0533453027992492,-6.640000000000006,7.560000000000022,0.053345302799249206
20260827_114234,1,0.2,13.5,-6.500000000000006,7.420000000000022,1.052532294669168,-6.500000000000006,7.420000000000022,0.05253229466916798
20260827_114234,1,0.2,13.600000000000001,-6.3600000000000065,7.2800000000000225,1.0517192865390868,-6.3600000000000065,7.2800000000000225,0.05171928653908675
20260827_114234,1,0.2,13.700000000000001,-6.220000000000007,7.140000000000023,1.0509062784090055,-6.220000000000007,7.140000000000023,0.05090627840900552
20260827_114234,1,0.2,13.8,-6.080000000000007,7.000000000000023,1.0500932702789243,-6.080000000000007,7.000000000000023,0.050093270278924296
20260827_114234,1,0.2,13.9,-5.9400000000000075,6.860000000000023,1.049280262148843,-5.9400000000000075,6.860000000000023,0.04928026214884307
20260827_114234,1,0.2,14.0,-5.820000000000007,6.740000000000023,1.0484672540187618,-5.820000000000007,6.740000000000023,0.04846725401876184
20260827_114234,1,0.2,14.100000000000001,-5.700000000000007,6.620000000000023,1.0479872540187618,-5.700000000000007,6.620000000000023,0.047987254018761805
20260827_114234,1,0.2,14.200000000000001,-5.580000000000007,6.500000000000023,1.0475072540187618,-5.580000000000007,6.500000000000023,0.04750725401876177
20260827_114234,1,0.2,14.3,-5.460000000000007,6.380000000000023,1.0470272540187617,-5.460000000000007,6.380000000000023,0.04702725401876173
20260827_114234,1,0.2,14.4,-5.340000000000007,6.260000000000023,1.0465472540187617,-5.340000000000007,6.260000000000023,0.0465472540187617
20260827_114234,1,0.2,14.5,-5.220000000000007,6.140000000000023,1.0460672540187617,-5.220000000000007,6.140000000000023,0.04606725401876166
20260827_114234,1,0.2,14.600000000000001,-5.100000000000007,6.020000000000023,1.0455872540187616,-5.100000000000007,6.020000000000023,0.045587254018761625
20260827_114234,1,0.2,14.700000000000001,-4.980000000000007,5.900000000000023,1.0451072540187616,-4.980000000000007,5.900000000000023,0.04510725401876159
20260827_114234,1,0.2,14.8,-4.8600000000000065,5.7800000000000225,1.0446272540187616,-4.8600000000000065,5.7800000000000225,0.04462725401876155
20260827_114234,1,0.2,14.9,-4.740000000000006,5.660000000000022,1.0441472540187615,-4.740000000000006,5.660000000000022,0.04414725401876152
20260827_114234,1,0.2,15.0,-4.620000000000006,5.540000000000022,1.0436672540187615,-4.620000000000006,5.540000000000022,0.04366725401876148
20260827_114234,1,0.2,15.100000000000001,-4.500000000000006,5.420000000000022,1.0431872540187614,-4.500000000000006,5.420000000000022,0.043187254018761445
20260827_114234,1,0.2,15.200000000000001,-4.380000000000006,5.300000000000022,1.0427072540187614,-4.380000000000006,5.300000000000022,0.04270725401876141
20260827_114234,1,0.2,15.3,-4.260000000000006,5.180000000000022,1.0422272540187614,-4.260000000000006,5.180000000000022,0.04222725401876137
20260827_114234,1,0.2,15.4,-4.140000000000006,5.060000000000022,1.0417472540187613,-4.140000000000006,5.060000000000022,0.04174725401876134
20260827_114234,1,0.2,15.5,-4.020000000000006,4.940000000000022,1.0412672540187613,-4.020000000000006,4.940000000000022,0.0412672540187613
20260827_114234,1,0.2,15.600000000000001,-3.9000000000000057,4.820000000000022,1.0407872540187613,-3.9000000000000057,4.820000000000022,0.040787254018761265
20260827_114234,1,0.2,15.700000000000001,-3.7800000000000056,4.7000000000000215,1.0403072540187612,-3.7800000000000056,4.7000000000000215,0.04030725401876123
20260827_114234,1,0.2,15.8,-3.6600000000000055,4.580000000000021,1.0398272540187612,-3.6600000000000055,4.580000000000021,0.03982725401876119
20260827_114234,1,0.2,15.9,-3.5400000000000054,4.460000000000021,1.0393472540187612,-3.5400000000000054,4.460000000000021,0.03934725401876116
20260827_114234,1,0.2,16.0,-3.4200000000000053,4.340000000000021,1.0388672540187611,-3.4200000000000053,4.340000000000021,0.03886725401876112
20260827_114234,1,0.2,16.1,-3.300000000000005,4.220000000000021,1.038387254018761,-3.300000000000005,4.220000000000021,0.038387254018761086
20260827_114234,1,0.2,16.2,-3.180000000000005,4.100000000000021,1.037907254018761,-3.180000000000005,4.100000000000021,0.03790725401876105
20260827_114234,1,0.2,16.3,-3.060000000000005,3.980000000000021,1.037427254018761,-3.060000000000005,3.980000000000021,0.037427254018761014
20260827_114234,1,0.2,16.400000000000002,-2.940000000000005,3.8600000000000207,1.036947254018761,-2.940000000000005,3.8600000000000207,0.03694725401876098
20260827_114234,1,0.2,16.5,-2.8200000000000047,3.7400000000000206,1.036467254018761,-2.8200000000000047,3.7400000000000206,0.03646725401876094
20260827_114234,1,0.2,16.6,-2.7000000000000046,3.6200000000000205,1.035987254018761,-2.7000000000000046,3.6200000000000205,0.035987254018760906
20260827_114234,1,0.2,16.7,-2.5800000000000045,3.5000000000000204,1.0355072540187609,-2.5800000000000045,3.5000000000000204,0.03550725401876087
20260827_114234,1,0.2,16.8,-2.4600000000000044,3.3800000000000203,1.0350272540187608,-2.4600000000000044,3.3800000000000203,0.035027254018760834
20260827_114234,1,0.2,16.900000000000002,-2.3400000000000043,3.26000000000002,1.0345472540187608,-2.3400000000000043,3.26000000000002,0.0345472540187608
20260827_114234,1,0.2,17.0,-2.220000000000004,3.14000000000002,1.0340672540187608,-2.220000000000004,3.14000000000002,0.03406725401876076
20260827_114234,1,0.2,17.1,-2.100000000000004,3.02000000000002,1.0335872540187607,-2.100000000000004,3.02000000000002,0.033587254018760726
20260827_114234,1,0.2,17.2,-1.980000000000004,2.90000000000002,1.0331072540187607,-1.980000000000004,2.90000000000002,0.03310725401876069
20260827_114234,1,0.2,17.3,-1.8600000000000039,2.78000000000002,1.0326272540187607,-1.8600000000000039,2.78000000000002,0.032627254018760654
20260827_114234,1,0.2,17.400000000000002,-1.7400000000000038,2.6600000000000197,1.0321472540187606,-1.7400000000000038,2.6600000000000197,0.03214725401876062
20260827_114234,1,0.2,17.5,-1.6200000000000037,2.5400000000000196,1.0316672540187606,-1.6200000000000037,2.5400000000000196,0.03166725401876058
20260827_114234,1,0.2,17.6,-1.5000000000000036,2.4200000000000195,1.0311872540187605,-1.5000000000000036,2.4200000000000195,0.031187254018760546
20260827_114234,1,0.2,17.7,-1.3800000000000034,2.3000000000000194,1.0307072540187605,-1.3800000000000034,2.3000000000000194,0.03070725401876051
20260827_114234,1,0.2,17.8,-1.2600000000000033,2.1800000000000193,1.0302272540187605,-1.2600000000000033,2.1800000000000193,0.030227254018760474
20260827_114234,1,0.2,17.900000000000002,-1.1400000000000032,2.060000000000019,1.0297472540187604,-1.1400000000000032,2.060000000000019,0.02974725401876044
20260827_114234,1,0.2,18.0,-1.0200000000000031,1.940000000000019,1.0292672540187604,-1.0200000000000031,1.940000000000019,0.029267254018760402
20260827_114234,1,0.2,18.1,-0.9000000000000031,1.820000000000019,1.0287872540187604,-0.9000000000000031,1.820000000000019,0.028787254018760366
20260827_114234,1,0.2,18.2,-0.7800000000000031,1.7000000000000188,1.0283072540187603,-0.7800000000000031,1.7000000000000188,0.02830725401876033
20260827_114234,1,0.2,18.3,-0.6600000000000031,1.5800000000000187,1.0278272540187603,-0.6600000000000031,1.5800000000000187,0.027827254018760295
20260827_114234,1,0.2,18.400000000000002,-0.5400000000000031,1.4600000000000186,1.0273472540187603,-0.5400000000000031,1.4600000000000186,0.02734725401876026
20260827_114234,1,0.2,18.5,-0.42000000000000315,1.3400000000000185,1.0268672540187602,-0.42000000000000315,1.3400000000000185,0.026867254018760223
20260827_114234,1,0.2,18.6,-0.30000000000000315,1.2200000000000184,1.0263872540187602,-0.30000000000000315,1.2200000000000184,0.026387254018760187
20260827_114234,1,0.2,18.7,-0.18000000000000313,1.1000000000000183,1.0259072540187602,-0.18000000000000313,1.1000000000000183,0.02590725401876015
20260827_114234,1,0.2,18.8,-0.060000000000003106,0.9800000000000183,1.0254272540187601,-0.060000000000003106,0.9800000000000183,0.025427254018760115
